-- --------------------------------------------------------
-- Host:                         127.0.0.1
-- Server version:               PostgreSQL 16.5, compiled by Visual C++ build 1941, 64-bit
-- Server OS:                    
-- HeidiSQL Version:             12.8.0.6908
-- --------------------------------------------------------

/*!40101 SET @OLD_CHARACTER_SET_CLIENT=@@CHARACTER_SET_CLIENT */;
/*!40101 SET NAMES  */;
/*!40103 SET @OLD_TIME_ZONE=@@TIME_ZONE */;
/*!40103 SET TIME_ZONE='+00:00' */;
/*!40014 SET @OLD_FOREIGN_KEY_CHECKS=@@FOREIGN_KEY_CHECKS, FOREIGN_KEY_CHECKS=0 */;
/*!40101 SET @OLD_SQL_MODE=@@SQL_MODE, SQL_MODE='NO_AUTO_VALUE_ON_ZERO' */;
/*!40111 SET @OLD_SQL_NOTES=@@SQL_NOTES, SQL_NOTES=0 */;

-- Dumping structure for table public.Folder_Main
CREATE TABLE IF NOT EXISTS "Folder_Main" (
	"folder_main_id" SERIAL NOT NULL,
	"folder_main_name" TEXT NOT NULL,
	PRIMARY KEY ("folder_main_id")
);

-- Dumping data for table public.Folder_Main: 20 rows
/*!40000 ALTER TABLE "Folder_Main" DISABLE KEYS */;
INSERT INTO "Folder_Main" ("folder_main_id", "folder_main_name") VALUES
	(1, 'Folder 1'),
	(2, 'Folder 2'),
	(3, 'Folder 3'),
	(4, 'Folder 4'),
	(5, 'Folder 5'),
	(6, 'Folder 6'),
	(7, 'Folder 7'),
	(8, 'Folder 8'),
	(9, 'Folder 9'),
	(10, 'Folder 10'),
	(11, 'Folder 11'),
	(12, 'Folder 12'),
	(13, 'Folder 13'),
	(14, 'Folder 14'),
	(15, 'Folder 15'),
	(16, 'Folder 16'),
	(17, 'Folder 17'),
	(18, 'Folder 18'),
	(19, 'Folder 19'),
	(20, 'Folder 20');
/*!40000 ALTER TABLE "Folder_Main" ENABLE KEYS */;

-- Dumping structure for table public.Folder_Sub
CREATE TABLE IF NOT EXISTS "Folder_Sub" (
	"folder_sub_id" SERIAL NOT NULL,
	"folder_sub_name" TEXT NOT NULL,
	"folder_main_id" INTEGER NOT NULL,
	PRIMARY KEY ("folder_sub_id"),
	CONSTRAINT "Folder_Sub_folder_main_id_fkey" FOREIGN KEY ("folder_main_id") REFERENCES "Folder_Main" ("folder_main_id") ON UPDATE CASCADE ON DELETE RESTRICT
);

-- Dumping data for table public.Folder_Sub: 200 rows
/*!40000 ALTER TABLE "Folder_Sub" DISABLE KEYS */;
INSERT INTO "Folder_Sub" ("folder_sub_id", "folder_sub_name", "folder_main_id") VALUES
	(1, 'Sub Folder 1', 1),
	(2, 'Sub Folder 2', 1),
	(3, 'Sub Folder 3', 1),
	(4, 'Sub Folder 4', 1),
	(5, 'Sub Folder 5', 1),
	(6, 'Sub Folder 6', 1),
	(7, 'Sub Folder 7', 1),
	(8, 'Sub Folder 8', 1),
	(9, 'Sub Folder 9', 1),
	(10, 'Sub Folder 10', 1),
	(11, 'Sub Folder 11', 2),
	(12, 'Sub Folder 12', 2),
	(13, 'Sub Folder 13', 2),
	(14, 'Sub Folder 14', 2),
	(15, 'Sub Folder 15', 2),
	(16, 'Sub Folder 16', 2),
	(17, 'Sub Folder 17', 2),
	(18, 'Sub Folder 18', 2),
	(19, 'Sub Folder 19', 2),
	(20, 'Sub Folder 20', 2),
	(21, 'Sub Folder 21', 3),
	(22, 'Sub Folder 22', 3),
	(23, 'Sub Folder 23', 3),
	(24, 'Sub Folder 24', 3),
	(25, 'Sub Folder 25', 3),
	(26, 'Sub Folder 26', 3),
	(27, 'Sub Folder 27', 3),
	(28, 'Sub Folder 28', 3),
	(29, 'Sub Folder 29', 3),
	(30, 'Sub Folder 30', 3),
	(31, 'Sub Folder 31', 4),
	(32, 'Sub Folder 32', 4),
	(33, 'Sub Folder 33', 4),
	(34, 'Sub Folder 34', 4),
	(35, 'Sub Folder 35', 4),
	(36, 'Sub Folder 36', 4),
	(37, 'Sub Folder 37', 4),
	(38, 'Sub Folder 38', 4),
	(39, 'Sub Folder 39', 4),
	(40, 'Sub Folder 40', 4),
	(41, 'Sub Folder 41', 5),
	(42, 'Sub Folder 42', 5),
	(43, 'Sub Folder 43', 5),
	(44, 'Sub Folder 44', 5),
	(45, 'Sub Folder 45', 5),
	(46, 'Sub Folder 46', 5),
	(47, 'Sub Folder 47', 5),
	(48, 'Sub Folder 48', 5),
	(49, 'Sub Folder 49', 5),
	(50, 'Sub Folder 50', 5),
	(51, 'Sub Folder 51', 6),
	(52, 'Sub Folder 52', 6),
	(53, 'Sub Folder 53', 6),
	(54, 'Sub Folder 54', 6),
	(55, 'Sub Folder 55', 6),
	(56, 'Sub Folder 56', 6),
	(57, 'Sub Folder 57', 6),
	(58, 'Sub Folder 58', 6),
	(59, 'Sub Folder 59', 6),
	(60, 'Sub Folder 60', 6),
	(61, 'Sub Folder 61', 7),
	(62, 'Sub Folder 62', 7),
	(63, 'Sub Folder 63', 7),
	(64, 'Sub Folder 64', 7),
	(65, 'Sub Folder 65', 7),
	(66, 'Sub Folder 66', 7),
	(67, 'Sub Folder 67', 7),
	(68, 'Sub Folder 68', 7),
	(69, 'Sub Folder 69', 7),
	(70, 'Sub Folder 70', 7),
	(71, 'Sub Folder 71', 8),
	(72, 'Sub Folder 72', 8),
	(73, 'Sub Folder 73', 8),
	(74, 'Sub Folder 74', 8),
	(75, 'Sub Folder 75', 8),
	(76, 'Sub Folder 76', 8),
	(77, 'Sub Folder 77', 8),
	(78, 'Sub Folder 78', 8),
	(79, 'Sub Folder 79', 8),
	(80, 'Sub Folder 80', 8),
	(81, 'Sub Folder 81', 9),
	(82, 'Sub Folder 82', 9),
	(83, 'Sub Folder 83', 9),
	(84, 'Sub Folder 84', 9),
	(85, 'Sub Folder 85', 9),
	(86, 'Sub Folder 86', 9),
	(87, 'Sub Folder 87', 9),
	(88, 'Sub Folder 88', 9),
	(89, 'Sub Folder 89', 9),
	(90, 'Sub Folder 90', 9),
	(91, 'Sub Folder 91', 10),
	(92, 'Sub Folder 92', 10),
	(93, 'Sub Folder 93', 10),
	(94, 'Sub Folder 94', 10),
	(95, 'Sub Folder 95', 10),
	(96, 'Sub Folder 96', 10),
	(97, 'Sub Folder 97', 10),
	(98, 'Sub Folder 98', 10),
	(99, 'Sub Folder 99', 10),
	(100, 'Sub Folder 100', 10),
	(101, 'Sub Folder 101', 11),
	(102, 'Sub Folder 102', 11),
	(103, 'Sub Folder 103', 11),
	(104, 'Sub Folder 104', 11),
	(105, 'Sub Folder 105', 11),
	(106, 'Sub Folder 106', 11),
	(107, 'Sub Folder 107', 11),
	(108, 'Sub Folder 108', 11),
	(109, 'Sub Folder 109', 11),
	(110, 'Sub Folder 110', 11),
	(111, 'Sub Folder 111', 12),
	(112, 'Sub Folder 112', 12),
	(113, 'Sub Folder 113', 12),
	(114, 'Sub Folder 114', 12),
	(115, 'Sub Folder 115', 12),
	(116, 'Sub Folder 116', 12),
	(117, 'Sub Folder 117', 12),
	(118, 'Sub Folder 118', 12),
	(119, 'Sub Folder 119', 12),
	(120, 'Sub Folder 120', 12),
	(121, 'Sub Folder 121', 13),
	(122, 'Sub Folder 122', 13),
	(123, 'Sub Folder 123', 13),
	(124, 'Sub Folder 124', 13),
	(125, 'Sub Folder 125', 13),
	(126, 'Sub Folder 126', 13),
	(127, 'Sub Folder 127', 13),
	(128, 'Sub Folder 128', 13),
	(129, 'Sub Folder 129', 13),
	(130, 'Sub Folder 130', 13),
	(131, 'Sub Folder 131', 14),
	(132, 'Sub Folder 132', 14),
	(133, 'Sub Folder 133', 14),
	(134, 'Sub Folder 134', 14),
	(135, 'Sub Folder 135', 14),
	(136, 'Sub Folder 136', 14),
	(137, 'Sub Folder 137', 14),
	(138, 'Sub Folder 138', 14),
	(139, 'Sub Folder 139', 14),
	(140, 'Sub Folder 140', 14),
	(141, 'Sub Folder 141', 15),
	(142, 'Sub Folder 142', 15),
	(143, 'Sub Folder 143', 15),
	(144, 'Sub Folder 144', 15),
	(145, 'Sub Folder 145', 15),
	(146, 'Sub Folder 146', 15),
	(147, 'Sub Folder 147', 15),
	(148, 'Sub Folder 148', 15),
	(149, 'Sub Folder 149', 15),
	(150, 'Sub Folder 150', 15),
	(151, 'Sub Folder 151', 16),
	(152, 'Sub Folder 152', 16),
	(153, 'Sub Folder 153', 16),
	(154, 'Sub Folder 154', 16),
	(155, 'Sub Folder 155', 16),
	(156, 'Sub Folder 156', 16),
	(157, 'Sub Folder 157', 16),
	(158, 'Sub Folder 158', 16),
	(159, 'Sub Folder 159', 16),
	(160, 'Sub Folder 160', 16),
	(161, 'Sub Folder 161', 17),
	(162, 'Sub Folder 162', 17),
	(163, 'Sub Folder 163', 17),
	(164, 'Sub Folder 164', 17),
	(165, 'Sub Folder 165', 17),
	(166, 'Sub Folder 166', 17),
	(167, 'Sub Folder 167', 17),
	(168, 'Sub Folder 168', 17),
	(169, 'Sub Folder 169', 17),
	(170, 'Sub Folder 170', 17),
	(171, 'Sub Folder 171', 18),
	(172, 'Sub Folder 172', 18),
	(173, 'Sub Folder 173', 18),
	(174, 'Sub Folder 174', 18),
	(175, 'Sub Folder 175', 18),
	(176, 'Sub Folder 176', 18),
	(177, 'Sub Folder 177', 18),
	(178, 'Sub Folder 178', 18),
	(179, 'Sub Folder 179', 18),
	(180, 'Sub Folder 180', 18),
	(181, 'Sub Folder 181', 19),
	(182, 'Sub Folder 182', 19),
	(183, 'Sub Folder 183', 19),
	(184, 'Sub Folder 184', 19),
	(185, 'Sub Folder 185', 19),
	(186, 'Sub Folder 186', 19),
	(187, 'Sub Folder 187', 19),
	(188, 'Sub Folder 188', 19),
	(189, 'Sub Folder 189', 19),
	(190, 'Sub Folder 190', 19),
	(191, 'Sub Folder 191', 20),
	(192, 'Sub Folder 192', 20),
	(193, 'Sub Folder 193', 20),
	(194, 'Sub Folder 194', 20),
	(195, 'Sub Folder 195', 20),
	(196, 'Sub Folder 196', 20),
	(197, 'Sub Folder 197', 20),
	(198, 'Sub Folder 198', 20),
	(199, 'Sub Folder 199', 20),
	(200, 'Sub Folder 200', 20);
/*!40000 ALTER TABLE "Folder_Sub" ENABLE KEYS */;

-- Dumping structure for table public.File
CREATE TABLE IF NOT EXISTS "File" (
	"file_id" SERIAL NOT NULL,
	"file_name" TEXT NOT NULL,
	"folder_sub_id" INTEGER NOT NULL,
	PRIMARY KEY ("file_id"),
	CONSTRAINT "File_folder_sub_id_fkey" FOREIGN KEY ("folder_sub_id") REFERENCES "Folder_Sub" ("folder_sub_id") ON UPDATE CASCADE ON DELETE RESTRICT
);

-- Dumping data for table public.File: 0 rows
/*!40000 ALTER TABLE "File" DISABLE KEYS */;
INSERT INTO "File" ("file_id", "file_name", "folder_sub_id") VALUES
	(1, 'File 1', 1),
	(2, 'File 2', 1),
	(3, 'File 3', 1),
	(4, 'File 4', 1),
	(5, 'File 5', 1),
	(6, 'File 6', 1),
	(7, 'File 7', 1),
	(8, 'File 8', 1),
	(9, 'File 9', 1),
	(10, 'File 10', 1),
	(11, 'File 11', 1),
	(12, 'File 12', 1),
	(13, 'File 13', 1),
	(14, 'File 14', 1),
	(15, 'File 15', 1),
	(16, 'File 16', 1),
	(17, 'File 17', 1),
	(18, 'File 18', 1),
	(19, 'File 19', 1),
	(20, 'File 20', 1),
	(21, 'File 21', 2),
	(22, 'File 22', 2),
	(23, 'File 23', 2),
	(24, 'File 24', 2),
	(25, 'File 25', 2),
	(26, 'File 26', 2),
	(27, 'File 27', 2),
	(28, 'File 28', 2),
	(29, 'File 29', 2),
	(30, 'File 30', 2),
	(31, 'File 31', 2),
	(32, 'File 32', 2),
	(33, 'File 33', 2),
	(34, 'File 34', 2),
	(35, 'File 35', 2),
	(36, 'File 36', 2),
	(37, 'File 37', 2),
	(38, 'File 38', 2),
	(39, 'File 39', 2),
	(40, 'File 40', 2),
	(41, 'File 41', 3),
	(42, 'File 42', 3),
	(43, 'File 43', 3),
	(44, 'File 44', 3),
	(45, 'File 45', 3),
	(46, 'File 46', 3),
	(47, 'File 47', 3),
	(48, 'File 48', 3),
	(49, 'File 49', 3),
	(50, 'File 50', 3),
	(51, 'File 51', 3),
	(52, 'File 52', 3),
	(53, 'File 53', 3),
	(54, 'File 54', 3),
	(55, 'File 55', 3),
	(56, 'File 56', 3),
	(57, 'File 57', 3),
	(58, 'File 58', 3),
	(59, 'File 59', 3),
	(60, 'File 60', 3),
	(61, 'File 61', 4),
	(62, 'File 62', 4),
	(63, 'File 63', 4),
	(64, 'File 64', 4),
	(65, 'File 65', 4),
	(66, 'File 66', 4),
	(67, 'File 67', 4),
	(68, 'File 68', 4),
	(69, 'File 69', 4),
	(70, 'File 70', 4),
	(71, 'File 71', 4),
	(72, 'File 72', 4),
	(73, 'File 73', 4),
	(74, 'File 74', 4),
	(75, 'File 75', 4),
	(76, 'File 76', 4),
	(77, 'File 77', 4),
	(78, 'File 78', 4),
	(79, 'File 79', 4),
	(80, 'File 80', 4),
	(81, 'File 81', 5),
	(82, 'File 82', 5),
	(83, 'File 83', 5),
	(84, 'File 84', 5),
	(85, 'File 85', 5),
	(86, 'File 86', 5),
	(87, 'File 87', 5),
	(88, 'File 88', 5),
	(89, 'File 89', 5),
	(90, 'File 90', 5),
	(91, 'File 91', 5),
	(92, 'File 92', 5),
	(93, 'File 93', 5),
	(94, 'File 94', 5),
	(95, 'File 95', 5),
	(96, 'File 96', 5),
	(97, 'File 97', 5),
	(98, 'File 98', 5),
	(99, 'File 99', 5),
	(100, 'File 100', 5),
	(101, 'File 101', 6),
	(102, 'File 102', 6),
	(103, 'File 103', 6),
	(104, 'File 104', 6),
	(105, 'File 105', 6),
	(106, 'File 106', 6),
	(107, 'File 107', 6),
	(108, 'File 108', 6),
	(109, 'File 109', 6),
	(110, 'File 110', 6),
	(111, 'File 111', 6),
	(112, 'File 112', 6),
	(113, 'File 113', 6),
	(114, 'File 114', 6),
	(115, 'File 115', 6),
	(116, 'File 116', 6),
	(117, 'File 117', 6),
	(118, 'File 118', 6),
	(119, 'File 119', 6),
	(120, 'File 120', 6),
	(121, 'File 121', 7),
	(122, 'File 122', 7),
	(123, 'File 123', 7),
	(124, 'File 124', 7),
	(125, 'File 125', 7),
	(126, 'File 126', 7),
	(127, 'File 127', 7),
	(128, 'File 128', 7),
	(129, 'File 129', 7),
	(130, 'File 130', 7),
	(131, 'File 131', 7),
	(132, 'File 132', 7),
	(133, 'File 133', 7),
	(134, 'File 134', 7),
	(135, 'File 135', 7),
	(136, 'File 136', 7),
	(137, 'File 137', 7),
	(138, 'File 138', 7),
	(139, 'File 139', 7),
	(140, 'File 140', 7),
	(141, 'File 141', 8),
	(142, 'File 142', 8),
	(143, 'File 143', 8),
	(144, 'File 144', 8),
	(145, 'File 145', 8),
	(146, 'File 146', 8),
	(147, 'File 147', 8),
	(148, 'File 148', 8),
	(149, 'File 149', 8),
	(150, 'File 150', 8),
	(151, 'File 151', 8),
	(152, 'File 152', 8),
	(153, 'File 153', 8),
	(154, 'File 154', 8),
	(155, 'File 155', 8),
	(156, 'File 156', 8),
	(157, 'File 157', 8),
	(158, 'File 158', 8),
	(159, 'File 159', 8),
	(160, 'File 160', 8),
	(161, 'File 161', 9),
	(162, 'File 162', 9),
	(163, 'File 163', 9),
	(164, 'File 164', 9),
	(165, 'File 165', 9),
	(166, 'File 166', 9),
	(167, 'File 167', 9),
	(168, 'File 168', 9),
	(169, 'File 169', 9),
	(170, 'File 170', 9),
	(171, 'File 171', 9),
	(172, 'File 172', 9),
	(173, 'File 173', 9),
	(174, 'File 174', 9),
	(175, 'File 175', 9),
	(176, 'File 176', 9),
	(177, 'File 177', 9),
	(178, 'File 178', 9),
	(179, 'File 179', 9),
	(180, 'File 180', 9),
	(181, 'File 181', 10),
	(182, 'File 182', 10),
	(183, 'File 183', 10),
	(184, 'File 184', 10),
	(185, 'File 185', 10),
	(186, 'File 186', 10),
	(187, 'File 187', 10),
	(188, 'File 188', 10),
	(189, 'File 189', 10),
	(190, 'File 190', 10),
	(191, 'File 191', 10),
	(192, 'File 192', 10),
	(193, 'File 193', 10),
	(194, 'File 194', 10),
	(195, 'File 195', 10),
	(196, 'File 196', 10),
	(197, 'File 197', 10),
	(198, 'File 198', 10),
	(199, 'File 199', 10),
	(200, 'File 200', 10),
	(201, 'File 201', 11),
	(202, 'File 202', 11),
	(203, 'File 203', 11),
	(204, 'File 204', 11),
	(205, 'File 205', 11),
	(206, 'File 206', 11),
	(207, 'File 207', 11),
	(208, 'File 208', 11),
	(209, 'File 209', 11),
	(210, 'File 210', 11),
	(211, 'File 211', 11),
	(212, 'File 212', 11),
	(213, 'File 213', 11),
	(214, 'File 214', 11),
	(215, 'File 215', 11),
	(216, 'File 216', 11),
	(217, 'File 217', 11),
	(218, 'File 218', 11),
	(219, 'File 219', 11),
	(220, 'File 220', 11),
	(221, 'File 221', 12),
	(222, 'File 222', 12),
	(223, 'File 223', 12),
	(224, 'File 224', 12),
	(225, 'File 225', 12),
	(226, 'File 226', 12),
	(227, 'File 227', 12),
	(228, 'File 228', 12),
	(229, 'File 229', 12),
	(230, 'File 230', 12),
	(231, 'File 231', 12),
	(232, 'File 232', 12),
	(233, 'File 233', 12),
	(234, 'File 234', 12),
	(235, 'File 235', 12),
	(236, 'File 236', 12),
	(237, 'File 237', 12),
	(238, 'File 238', 12),
	(239, 'File 239', 12),
	(240, 'File 240', 12),
	(241, 'File 241', 13),
	(242, 'File 242', 13),
	(243, 'File 243', 13),
	(244, 'File 244', 13),
	(245, 'File 245', 13),
	(246, 'File 246', 13),
	(247, 'File 247', 13),
	(248, 'File 248', 13),
	(249, 'File 249', 13),
	(250, 'File 250', 13),
	(251, 'File 251', 13),
	(252, 'File 252', 13),
	(253, 'File 253', 13),
	(254, 'File 254', 13),
	(255, 'File 255', 13),
	(256, 'File 256', 13),
	(257, 'File 257', 13),
	(258, 'File 258', 13),
	(259, 'File 259', 13),
	(260, 'File 260', 13),
	(261, 'File 261', 14),
	(262, 'File 262', 14),
	(263, 'File 263', 14),
	(264, 'File 264', 14),
	(265, 'File 265', 14),
	(266, 'File 266', 14),
	(267, 'File 267', 14),
	(268, 'File 268', 14),
	(269, 'File 269', 14),
	(270, 'File 270', 14),
	(271, 'File 271', 14),
	(272, 'File 272', 14),
	(273, 'File 273', 14),
	(274, 'File 274', 14),
	(275, 'File 275', 14),
	(276, 'File 276', 14),
	(277, 'File 277', 14),
	(278, 'File 278', 14),
	(279, 'File 279', 14),
	(280, 'File 280', 14),
	(281, 'File 281', 15),
	(282, 'File 282', 15),
	(283, 'File 283', 15),
	(284, 'File 284', 15),
	(285, 'File 285', 15),
	(286, 'File 286', 15),
	(287, 'File 287', 15),
	(288, 'File 288', 15),
	(289, 'File 289', 15),
	(290, 'File 290', 15),
	(291, 'File 291', 15),
	(292, 'File 292', 15),
	(293, 'File 293', 15),
	(294, 'File 294', 15),
	(295, 'File 295', 15),
	(296, 'File 296', 15),
	(297, 'File 297', 15),
	(298, 'File 298', 15),
	(299, 'File 299', 15),
	(300, 'File 300', 15),
	(301, 'File 301', 16),
	(302, 'File 302', 16),
	(303, 'File 303', 16),
	(304, 'File 304', 16),
	(305, 'File 305', 16),
	(306, 'File 306', 16),
	(307, 'File 307', 16),
	(308, 'File 308', 16),
	(309, 'File 309', 16),
	(310, 'File 310', 16),
	(311, 'File 311', 16),
	(312, 'File 312', 16),
	(313, 'File 313', 16),
	(314, 'File 314', 16),
	(315, 'File 315', 16),
	(316, 'File 316', 16),
	(317, 'File 317', 16),
	(318, 'File 318', 16),
	(319, 'File 319', 16),
	(320, 'File 320', 16),
	(321, 'File 321', 17),
	(322, 'File 322', 17),
	(323, 'File 323', 17),
	(324, 'File 324', 17),
	(325, 'File 325', 17),
	(326, 'File 326', 17),
	(327, 'File 327', 17),
	(328, 'File 328', 17),
	(329, 'File 329', 17),
	(330, 'File 330', 17),
	(331, 'File 331', 17),
	(332, 'File 332', 17),
	(333, 'File 333', 17),
	(334, 'File 334', 17),
	(335, 'File 335', 17),
	(336, 'File 336', 17),
	(337, 'File 337', 17),
	(338, 'File 338', 17),
	(339, 'File 339', 17),
	(340, 'File 340', 17),
	(341, 'File 341', 18),
	(342, 'File 342', 18),
	(343, 'File 343', 18),
	(344, 'File 344', 18),
	(345, 'File 345', 18),
	(346, 'File 346', 18),
	(347, 'File 347', 18),
	(348, 'File 348', 18),
	(349, 'File 349', 18),
	(350, 'File 350', 18),
	(351, 'File 351', 18),
	(352, 'File 352', 18),
	(353, 'File 353', 18),
	(354, 'File 354', 18),
	(355, 'File 355', 18),
	(356, 'File 356', 18),
	(357, 'File 357', 18),
	(358, 'File 358', 18),
	(359, 'File 359', 18),
	(360, 'File 360', 18),
	(361, 'File 361', 19),
	(362, 'File 362', 19),
	(363, 'File 363', 19),
	(364, 'File 364', 19),
	(365, 'File 365', 19),
	(366, 'File 366', 19),
	(367, 'File 367', 19),
	(368, 'File 368', 19),
	(369, 'File 369', 19),
	(370, 'File 370', 19),
	(371, 'File 371', 19),
	(372, 'File 372', 19),
	(373, 'File 373', 19),
	(374, 'File 374', 19),
	(375, 'File 375', 19),
	(376, 'File 376', 19),
	(377, 'File 377', 19),
	(378, 'File 378', 19),
	(379, 'File 379', 19),
	(380, 'File 380', 19),
	(381, 'File 381', 20),
	(382, 'File 382', 20),
	(383, 'File 383', 20),
	(384, 'File 384', 20),
	(385, 'File 385', 20),
	(386, 'File 386', 20),
	(387, 'File 387', 20),
	(388, 'File 388', 20),
	(389, 'File 389', 20),
	(390, 'File 390', 20),
	(391, 'File 391', 20),
	(392, 'File 392', 20),
	(393, 'File 393', 20),
	(394, 'File 394', 20),
	(395, 'File 395', 20),
	(396, 'File 396', 20),
	(397, 'File 397', 20),
	(398, 'File 398', 20),
	(399, 'File 399', 20),
	(400, 'File 400', 20),
	(401, 'File 401', 21),
	(402, 'File 402', 21),
	(403, 'File 403', 21),
	(404, 'File 404', 21),
	(405, 'File 405', 21),
	(406, 'File 406', 21),
	(407, 'File 407', 21),
	(408, 'File 408', 21),
	(409, 'File 409', 21),
	(410, 'File 410', 21),
	(411, 'File 411', 21),
	(412, 'File 412', 21),
	(413, 'File 413', 21),
	(414, 'File 414', 21),
	(415, 'File 415', 21),
	(416, 'File 416', 21),
	(417, 'File 417', 21),
	(418, 'File 418', 21),
	(419, 'File 419', 21),
	(420, 'File 420', 21),
	(421, 'File 421', 22),
	(422, 'File 422', 22),
	(423, 'File 423', 22),
	(424, 'File 424', 22),
	(425, 'File 425', 22),
	(426, 'File 426', 22),
	(427, 'File 427', 22),
	(428, 'File 428', 22),
	(429, 'File 429', 22),
	(430, 'File 430', 22),
	(431, 'File 431', 22),
	(432, 'File 432', 22),
	(433, 'File 433', 22),
	(434, 'File 434', 22),
	(435, 'File 435', 22),
	(436, 'File 436', 22),
	(437, 'File 437', 22),
	(438, 'File 438', 22),
	(439, 'File 439', 22),
	(440, 'File 440', 22),
	(441, 'File 441', 23),
	(442, 'File 442', 23),
	(443, 'File 443', 23),
	(444, 'File 444', 23),
	(445, 'File 445', 23),
	(446, 'File 446', 23),
	(447, 'File 447', 23),
	(448, 'File 448', 23),
	(449, 'File 449', 23),
	(450, 'File 450', 23),
	(451, 'File 451', 23),
	(452, 'File 452', 23),
	(453, 'File 453', 23),
	(454, 'File 454', 23),
	(455, 'File 455', 23),
	(456, 'File 456', 23),
	(457, 'File 457', 23),
	(458, 'File 458', 23),
	(459, 'File 459', 23),
	(460, 'File 460', 23),
	(461, 'File 461', 24),
	(462, 'File 462', 24),
	(463, 'File 463', 24),
	(464, 'File 464', 24),
	(465, 'File 465', 24),
	(466, 'File 466', 24),
	(467, 'File 467', 24),
	(468, 'File 468', 24),
	(469, 'File 469', 24),
	(470, 'File 470', 24),
	(471, 'File 471', 24),
	(472, 'File 472', 24),
	(473, 'File 473', 24),
	(474, 'File 474', 24),
	(475, 'File 475', 24),
	(476, 'File 476', 24),
	(477, 'File 477', 24),
	(478, 'File 478', 24),
	(479, 'File 479', 24),
	(480, 'File 480', 24),
	(481, 'File 481', 25),
	(482, 'File 482', 25),
	(483, 'File 483', 25),
	(484, 'File 484', 25),
	(485, 'File 485', 25),
	(486, 'File 486', 25),
	(487, 'File 487', 25),
	(488, 'File 488', 25),
	(489, 'File 489', 25),
	(490, 'File 490', 25),
	(491, 'File 491', 25),
	(492, 'File 492', 25),
	(493, 'File 493', 25),
	(494, 'File 494', 25),
	(495, 'File 495', 25),
	(496, 'File 496', 25),
	(497, 'File 497', 25),
	(498, 'File 498', 25),
	(499, 'File 499', 25),
	(500, 'File 500', 25),
	(501, 'File 501', 26),
	(502, 'File 502', 26),
	(503, 'File 503', 26),
	(504, 'File 504', 26),
	(505, 'File 505', 26),
	(506, 'File 506', 26),
	(507, 'File 507', 26),
	(508, 'File 508', 26),
	(509, 'File 509', 26),
	(510, 'File 510', 26),
	(511, 'File 511', 26),
	(512, 'File 512', 26),
	(513, 'File 513', 26),
	(514, 'File 514', 26),
	(515, 'File 515', 26),
	(516, 'File 516', 26),
	(517, 'File 517', 26),
	(518, 'File 518', 26),
	(519, 'File 519', 26),
	(520, 'File 520', 26),
	(521, 'File 521', 27),
	(522, 'File 522', 27),
	(523, 'File 523', 27),
	(524, 'File 524', 27),
	(525, 'File 525', 27),
	(526, 'File 526', 27),
	(527, 'File 527', 27),
	(528, 'File 528', 27),
	(529, 'File 529', 27),
	(530, 'File 530', 27),
	(531, 'File 531', 27),
	(532, 'File 532', 27),
	(533, 'File 533', 27),
	(534, 'File 534', 27),
	(535, 'File 535', 27),
	(536, 'File 536', 27),
	(537, 'File 537', 27),
	(538, 'File 538', 27),
	(539, 'File 539', 27),
	(540, 'File 540', 27),
	(541, 'File 541', 28),
	(542, 'File 542', 28),
	(543, 'File 543', 28),
	(544, 'File 544', 28),
	(545, 'File 545', 28),
	(546, 'File 546', 28),
	(547, 'File 547', 28),
	(548, 'File 548', 28),
	(549, 'File 549', 28),
	(550, 'File 550', 28),
	(551, 'File 551', 28),
	(552, 'File 552', 28),
	(553, 'File 553', 28),
	(554, 'File 554', 28),
	(555, 'File 555', 28),
	(556, 'File 556', 28),
	(557, 'File 557', 28),
	(558, 'File 558', 28),
	(559, 'File 559', 28),
	(560, 'File 560', 28),
	(561, 'File 561', 29),
	(562, 'File 562', 29),
	(563, 'File 563', 29),
	(564, 'File 564', 29),
	(565, 'File 565', 29),
	(566, 'File 566', 29),
	(567, 'File 567', 29),
	(568, 'File 568', 29),
	(569, 'File 569', 29),
	(570, 'File 570', 29),
	(571, 'File 571', 29),
	(572, 'File 572', 29),
	(573, 'File 573', 29),
	(574, 'File 574', 29),
	(575, 'File 575', 29),
	(576, 'File 576', 29),
	(577, 'File 577', 29),
	(578, 'File 578', 29),
	(579, 'File 579', 29),
	(580, 'File 580', 29),
	(581, 'File 581', 30),
	(582, 'File 582', 30),
	(583, 'File 583', 30),
	(584, 'File 584', 30),
	(585, 'File 585', 30),
	(586, 'File 586', 30),
	(587, 'File 587', 30),
	(588, 'File 588', 30),
	(589, 'File 589', 30),
	(590, 'File 590', 30),
	(591, 'File 591', 30),
	(592, 'File 592', 30),
	(593, 'File 593', 30),
	(594, 'File 594', 30),
	(595, 'File 595', 30),
	(596, 'File 596', 30),
	(597, 'File 597', 30),
	(598, 'File 598', 30),
	(599, 'File 599', 30),
	(600, 'File 600', 30),
	(601, 'File 601', 31),
	(602, 'File 602', 31),
	(603, 'File 603', 31),
	(604, 'File 604', 31),
	(605, 'File 605', 31),
	(606, 'File 606', 31),
	(607, 'File 607', 31),
	(608, 'File 608', 31),
	(609, 'File 609', 31),
	(610, 'File 610', 31),
	(611, 'File 611', 31),
	(612, 'File 612', 31),
	(613, 'File 613', 31),
	(614, 'File 614', 31),
	(615, 'File 615', 31),
	(616, 'File 616', 31),
	(617, 'File 617', 31),
	(618, 'File 618', 31),
	(619, 'File 619', 31),
	(620, 'File 620', 31),
	(621, 'File 621', 32),
	(622, 'File 622', 32),
	(623, 'File 623', 32),
	(624, 'File 624', 32),
	(625, 'File 625', 32),
	(626, 'File 626', 32),
	(627, 'File 627', 32),
	(628, 'File 628', 32),
	(629, 'File 629', 32),
	(630, 'File 630', 32),
	(631, 'File 631', 32),
	(632, 'File 632', 32),
	(633, 'File 633', 32),
	(634, 'File 634', 32),
	(635, 'File 635', 32),
	(636, 'File 636', 32),
	(637, 'File 637', 32),
	(638, 'File 638', 32),
	(639, 'File 639', 32),
	(640, 'File 640', 32),
	(641, 'File 641', 33),
	(642, 'File 642', 33),
	(643, 'File 643', 33),
	(644, 'File 644', 33),
	(645, 'File 645', 33),
	(646, 'File 646', 33),
	(647, 'File 647', 33),
	(648, 'File 648', 33),
	(649, 'File 649', 33),
	(650, 'File 650', 33),
	(651, 'File 651', 33),
	(652, 'File 652', 33),
	(653, 'File 653', 33),
	(654, 'File 654', 33),
	(655, 'File 655', 33),
	(656, 'File 656', 33),
	(657, 'File 657', 33),
	(658, 'File 658', 33),
	(659, 'File 659', 33),
	(660, 'File 660', 33),
	(661, 'File 661', 34),
	(662, 'File 662', 34),
	(663, 'File 663', 34),
	(664, 'File 664', 34),
	(665, 'File 665', 34),
	(666, 'File 666', 34),
	(667, 'File 667', 34),
	(668, 'File 668', 34),
	(669, 'File 669', 34),
	(670, 'File 670', 34),
	(671, 'File 671', 34),
	(672, 'File 672', 34),
	(673, 'File 673', 34),
	(674, 'File 674', 34),
	(675, 'File 675', 34),
	(676, 'File 676', 34),
	(677, 'File 677', 34),
	(678, 'File 678', 34),
	(679, 'File 679', 34),
	(680, 'File 680', 34),
	(681, 'File 681', 35),
	(682, 'File 682', 35),
	(683, 'File 683', 35),
	(684, 'File 684', 35),
	(685, 'File 685', 35),
	(686, 'File 686', 35),
	(687, 'File 687', 35),
	(688, 'File 688', 35),
	(689, 'File 689', 35),
	(690, 'File 690', 35),
	(691, 'File 691', 35),
	(692, 'File 692', 35),
	(693, 'File 693', 35),
	(694, 'File 694', 35),
	(695, 'File 695', 35),
	(696, 'File 696', 35),
	(697, 'File 697', 35),
	(698, 'File 698', 35),
	(699, 'File 699', 35),
	(700, 'File 700', 35),
	(701, 'File 701', 36),
	(702, 'File 702', 36),
	(703, 'File 703', 36),
	(704, 'File 704', 36),
	(705, 'File 705', 36),
	(706, 'File 706', 36),
	(707, 'File 707', 36),
	(708, 'File 708', 36),
	(709, 'File 709', 36),
	(710, 'File 710', 36),
	(711, 'File 711', 36),
	(712, 'File 712', 36),
	(713, 'File 713', 36),
	(714, 'File 714', 36),
	(715, 'File 715', 36),
	(716, 'File 716', 36),
	(717, 'File 717', 36),
	(718, 'File 718', 36),
	(719, 'File 719', 36),
	(720, 'File 720', 36),
	(721, 'File 721', 37),
	(722, 'File 722', 37),
	(723, 'File 723', 37),
	(724, 'File 724', 37),
	(725, 'File 725', 37),
	(726, 'File 726', 37),
	(727, 'File 727', 37),
	(728, 'File 728', 37),
	(729, 'File 729', 37),
	(730, 'File 730', 37),
	(731, 'File 731', 37),
	(732, 'File 732', 37),
	(733, 'File 733', 37),
	(734, 'File 734', 37),
	(735, 'File 735', 37),
	(736, 'File 736', 37),
	(737, 'File 737', 37),
	(738, 'File 738', 37),
	(739, 'File 739', 37),
	(740, 'File 740', 37),
	(741, 'File 741', 38),
	(742, 'File 742', 38),
	(743, 'File 743', 38),
	(744, 'File 744', 38),
	(745, 'File 745', 38),
	(746, 'File 746', 38),
	(747, 'File 747', 38),
	(748, 'File 748', 38),
	(749, 'File 749', 38),
	(750, 'File 750', 38),
	(751, 'File 751', 38),
	(752, 'File 752', 38),
	(753, 'File 753', 38),
	(754, 'File 754', 38),
	(755, 'File 755', 38),
	(756, 'File 756', 38),
	(757, 'File 757', 38),
	(758, 'File 758', 38),
	(759, 'File 759', 38),
	(760, 'File 760', 38),
	(761, 'File 761', 39),
	(762, 'File 762', 39),
	(763, 'File 763', 39),
	(764, 'File 764', 39),
	(765, 'File 765', 39),
	(766, 'File 766', 39),
	(767, 'File 767', 39),
	(768, 'File 768', 39),
	(769, 'File 769', 39),
	(770, 'File 770', 39),
	(771, 'File 771', 39),
	(772, 'File 772', 39),
	(773, 'File 773', 39),
	(774, 'File 774', 39),
	(775, 'File 775', 39),
	(776, 'File 776', 39),
	(777, 'File 777', 39),
	(778, 'File 778', 39),
	(779, 'File 779', 39),
	(780, 'File 780', 39),
	(781, 'File 781', 40),
	(782, 'File 782', 40),
	(783, 'File 783', 40),
	(784, 'File 784', 40),
	(785, 'File 785', 40),
	(786, 'File 786', 40),
	(787, 'File 787', 40),
	(788, 'File 788', 40),
	(789, 'File 789', 40),
	(790, 'File 790', 40),
	(791, 'File 791', 40),
	(792, 'File 792', 40),
	(793, 'File 793', 40),
	(794, 'File 794', 40),
	(795, 'File 795', 40),
	(796, 'File 796', 40),
	(797, 'File 797', 40),
	(798, 'File 798', 40),
	(799, 'File 799', 40),
	(800, 'File 800', 40),
	(801, 'File 801', 41),
	(802, 'File 802', 41),
	(803, 'File 803', 41),
	(804, 'File 804', 41),
	(805, 'File 805', 41),
	(806, 'File 806', 41),
	(807, 'File 807', 41),
	(808, 'File 808', 41),
	(809, 'File 809', 41),
	(810, 'File 810', 41),
	(811, 'File 811', 41),
	(812, 'File 812', 41),
	(813, 'File 813', 41),
	(814, 'File 814', 41),
	(815, 'File 815', 41),
	(816, 'File 816', 41),
	(817, 'File 817', 41),
	(818, 'File 818', 41),
	(819, 'File 819', 41),
	(820, 'File 820', 41),
	(821, 'File 821', 42),
	(822, 'File 822', 42),
	(823, 'File 823', 42),
	(824, 'File 824', 42),
	(825, 'File 825', 42),
	(826, 'File 826', 42),
	(827, 'File 827', 42),
	(828, 'File 828', 42),
	(829, 'File 829', 42),
	(830, 'File 830', 42),
	(831, 'File 831', 42),
	(832, 'File 832', 42),
	(833, 'File 833', 42),
	(834, 'File 834', 42),
	(835, 'File 835', 42),
	(836, 'File 836', 42),
	(837, 'File 837', 42),
	(838, 'File 838', 42),
	(839, 'File 839', 42),
	(840, 'File 840', 42),
	(841, 'File 841', 43),
	(842, 'File 842', 43),
	(843, 'File 843', 43),
	(844, 'File 844', 43),
	(845, 'File 845', 43),
	(846, 'File 846', 43),
	(847, 'File 847', 43),
	(848, 'File 848', 43),
	(849, 'File 849', 43),
	(850, 'File 850', 43),
	(851, 'File 851', 43),
	(852, 'File 852', 43),
	(853, 'File 853', 43),
	(854, 'File 854', 43),
	(855, 'File 855', 43),
	(856, 'File 856', 43),
	(857, 'File 857', 43),
	(858, 'File 858', 43),
	(859, 'File 859', 43),
	(860, 'File 860', 43),
	(861, 'File 861', 44),
	(862, 'File 862', 44),
	(863, 'File 863', 44),
	(864, 'File 864', 44),
	(865, 'File 865', 44),
	(866, 'File 866', 44),
	(867, 'File 867', 44),
	(868, 'File 868', 44),
	(869, 'File 869', 44),
	(870, 'File 870', 44),
	(871, 'File 871', 44),
	(872, 'File 872', 44),
	(873, 'File 873', 44),
	(874, 'File 874', 44),
	(875, 'File 875', 44),
	(876, 'File 876', 44),
	(877, 'File 877', 44),
	(878, 'File 878', 44),
	(879, 'File 879', 44),
	(880, 'File 880', 44),
	(881, 'File 881', 45),
	(882, 'File 882', 45),
	(883, 'File 883', 45),
	(884, 'File 884', 45),
	(885, 'File 885', 45),
	(886, 'File 886', 45),
	(887, 'File 887', 45),
	(888, 'File 888', 45),
	(889, 'File 889', 45),
	(890, 'File 890', 45),
	(891, 'File 891', 45),
	(892, 'File 892', 45),
	(893, 'File 893', 45),
	(894, 'File 894', 45),
	(895, 'File 895', 45),
	(896, 'File 896', 45),
	(897, 'File 897', 45),
	(898, 'File 898', 45),
	(899, 'File 899', 45),
	(900, 'File 900', 45),
	(901, 'File 901', 46),
	(902, 'File 902', 46),
	(903, 'File 903', 46),
	(904, 'File 904', 46),
	(905, 'File 905', 46),
	(906, 'File 906', 46),
	(907, 'File 907', 46),
	(908, 'File 908', 46),
	(909, 'File 909', 46),
	(910, 'File 910', 46),
	(911, 'File 911', 46),
	(912, 'File 912', 46),
	(913, 'File 913', 46),
	(914, 'File 914', 46),
	(915, 'File 915', 46),
	(916, 'File 916', 46),
	(917, 'File 917', 46),
	(918, 'File 918', 46),
	(919, 'File 919', 46),
	(920, 'File 920', 46),
	(921, 'File 921', 47),
	(922, 'File 922', 47),
	(923, 'File 923', 47),
	(924, 'File 924', 47),
	(925, 'File 925', 47),
	(926, 'File 926', 47),
	(927, 'File 927', 47),
	(928, 'File 928', 47),
	(929, 'File 929', 47),
	(930, 'File 930', 47),
	(931, 'File 931', 47),
	(932, 'File 932', 47),
	(933, 'File 933', 47),
	(934, 'File 934', 47),
	(935, 'File 935', 47),
	(936, 'File 936', 47),
	(937, 'File 937', 47),
	(938, 'File 938', 47),
	(939, 'File 939', 47),
	(940, 'File 940', 47),
	(941, 'File 941', 48),
	(942, 'File 942', 48),
	(943, 'File 943', 48),
	(944, 'File 944', 48),
	(945, 'File 945', 48),
	(946, 'File 946', 48),
	(947, 'File 947', 48),
	(948, 'File 948', 48),
	(949, 'File 949', 48),
	(950, 'File 950', 48),
	(951, 'File 951', 48),
	(952, 'File 952', 48),
	(953, 'File 953', 48),
	(954, 'File 954', 48),
	(955, 'File 955', 48),
	(956, 'File 956', 48),
	(957, 'File 957', 48),
	(958, 'File 958', 48),
	(959, 'File 959', 48),
	(960, 'File 960', 48),
	(961, 'File 961', 49),
	(962, 'File 962', 49),
	(963, 'File 963', 49),
	(964, 'File 964', 49),
	(965, 'File 965', 49),
	(966, 'File 966', 49),
	(967, 'File 967', 49),
	(968, 'File 968', 49),
	(969, 'File 969', 49),
	(970, 'File 970', 49),
	(971, 'File 971', 49),
	(972, 'File 972', 49),
	(973, 'File 973', 49),
	(974, 'File 974', 49),
	(975, 'File 975', 49),
	(976, 'File 976', 49),
	(977, 'File 977', 49),
	(978, 'File 978', 49),
	(979, 'File 979', 49),
	(980, 'File 980', 49),
	(981, 'File 981', 50),
	(982, 'File 982', 50),
	(983, 'File 983', 50),
	(984, 'File 984', 50),
	(985, 'File 985', 50),
	(986, 'File 986', 50),
	(987, 'File 987', 50),
	(988, 'File 988', 50),
	(989, 'File 989', 50),
	(990, 'File 990', 50),
	(991, 'File 991', 50),
	(992, 'File 992', 50),
	(993, 'File 993', 50),
	(994, 'File 994', 50),
	(995, 'File 995', 50),
	(996, 'File 996', 50),
	(997, 'File 997', 50),
	(998, 'File 998', 50),
	(999, 'File 999', 50),
	(1000, 'File 1000', 50),
	(1001, 'File 1001', 51),
	(1002, 'File 1002', 51),
	(1003, 'File 1003', 51),
	(1004, 'File 1004', 51),
	(1005, 'File 1005', 51),
	(1006, 'File 1006', 51),
	(1007, 'File 1007', 51),
	(1008, 'File 1008', 51),
	(1009, 'File 1009', 51),
	(1010, 'File 1010', 51),
	(1011, 'File 1011', 51),
	(1012, 'File 1012', 51),
	(1013, 'File 1013', 51),
	(1014, 'File 1014', 51),
	(1015, 'File 1015', 51),
	(1016, 'File 1016', 51),
	(1017, 'File 1017', 51),
	(1018, 'File 1018', 51),
	(1019, 'File 1019', 51),
	(1020, 'File 1020', 51),
	(1021, 'File 1021', 52),
	(1022, 'File 1022', 52),
	(1023, 'File 1023', 52),
	(1024, 'File 1024', 52),
	(1025, 'File 1025', 52),
	(1026, 'File 1026', 52),
	(1027, 'File 1027', 52),
	(1028, 'File 1028', 52),
	(1029, 'File 1029', 52),
	(1030, 'File 1030', 52),
	(1031, 'File 1031', 52),
	(1032, 'File 1032', 52),
	(1033, 'File 1033', 52),
	(1034, 'File 1034', 52),
	(1035, 'File 1035', 52),
	(1036, 'File 1036', 52),
	(1037, 'File 1037', 52),
	(1038, 'File 1038', 52),
	(1039, 'File 1039', 52),
	(1040, 'File 1040', 52),
	(1041, 'File 1041', 53),
	(1042, 'File 1042', 53),
	(1043, 'File 1043', 53),
	(1044, 'File 1044', 53),
	(1045, 'File 1045', 53),
	(1046, 'File 1046', 53),
	(1047, 'File 1047', 53),
	(1048, 'File 1048', 53),
	(1049, 'File 1049', 53),
	(1050, 'File 1050', 53),
	(1051, 'File 1051', 53),
	(1052, 'File 1052', 53),
	(1053, 'File 1053', 53),
	(1054, 'File 1054', 53),
	(1055, 'File 1055', 53),
	(1056, 'File 1056', 53),
	(1057, 'File 1057', 53),
	(1058, 'File 1058', 53),
	(1059, 'File 1059', 53),
	(1060, 'File 1060', 53),
	(1061, 'File 1061', 54),
	(1062, 'File 1062', 54),
	(1063, 'File 1063', 54),
	(1064, 'File 1064', 54),
	(1065, 'File 1065', 54),
	(1066, 'File 1066', 54),
	(1067, 'File 1067', 54),
	(1068, 'File 1068', 54),
	(1069, 'File 1069', 54),
	(1070, 'File 1070', 54),
	(1071, 'File 1071', 54),
	(1072, 'File 1072', 54),
	(1073, 'File 1073', 54),
	(1074, 'File 1074', 54),
	(1075, 'File 1075', 54),
	(1076, 'File 1076', 54),
	(1077, 'File 1077', 54),
	(1078, 'File 1078', 54),
	(1079, 'File 1079', 54),
	(1080, 'File 1080', 54),
	(1081, 'File 1081', 55),
	(1082, 'File 1082', 55),
	(1083, 'File 1083', 55),
	(1084, 'File 1084', 55),
	(1085, 'File 1085', 55),
	(1086, 'File 1086', 55),
	(1087, 'File 1087', 55),
	(1088, 'File 1088', 55),
	(1089, 'File 1089', 55),
	(1090, 'File 1090', 55),
	(1091, 'File 1091', 55),
	(1092, 'File 1092', 55),
	(1093, 'File 1093', 55),
	(1094, 'File 1094', 55),
	(1095, 'File 1095', 55),
	(1096, 'File 1096', 55),
	(1097, 'File 1097', 55),
	(1098, 'File 1098', 55),
	(1099, 'File 1099', 55),
	(1100, 'File 1100', 55),
	(1101, 'File 1101', 56),
	(1102, 'File 1102', 56),
	(1103, 'File 1103', 56),
	(1104, 'File 1104', 56),
	(1105, 'File 1105', 56),
	(1106, 'File 1106', 56),
	(1107, 'File 1107', 56),
	(1108, 'File 1108', 56),
	(1109, 'File 1109', 56),
	(1110, 'File 1110', 56),
	(1111, 'File 1111', 56),
	(1112, 'File 1112', 56),
	(1113, 'File 1113', 56),
	(1114, 'File 1114', 56),
	(1115, 'File 1115', 56),
	(1116, 'File 1116', 56),
	(1117, 'File 1117', 56),
	(1118, 'File 1118', 56),
	(1119, 'File 1119', 56),
	(1120, 'File 1120', 56),
	(1121, 'File 1121', 57),
	(1122, 'File 1122', 57),
	(1123, 'File 1123', 57),
	(1124, 'File 1124', 57),
	(1125, 'File 1125', 57),
	(1126, 'File 1126', 57),
	(1127, 'File 1127', 57),
	(1128, 'File 1128', 57),
	(1129, 'File 1129', 57),
	(1130, 'File 1130', 57),
	(1131, 'File 1131', 57),
	(1132, 'File 1132', 57),
	(1133, 'File 1133', 57),
	(1134, 'File 1134', 57),
	(1135, 'File 1135', 57),
	(1136, 'File 1136', 57),
	(1137, 'File 1137', 57),
	(1138, 'File 1138', 57),
	(1139, 'File 1139', 57),
	(1140, 'File 1140', 57),
	(1141, 'File 1141', 58),
	(1142, 'File 1142', 58),
	(1143, 'File 1143', 58),
	(1144, 'File 1144', 58),
	(1145, 'File 1145', 58),
	(1146, 'File 1146', 58),
	(1147, 'File 1147', 58),
	(1148, 'File 1148', 58),
	(1149, 'File 1149', 58),
	(1150, 'File 1150', 58),
	(1151, 'File 1151', 58),
	(1152, 'File 1152', 58),
	(1153, 'File 1153', 58),
	(1154, 'File 1154', 58),
	(1155, 'File 1155', 58),
	(1156, 'File 1156', 58),
	(1157, 'File 1157', 58),
	(1158, 'File 1158', 58),
	(1159, 'File 1159', 58),
	(1160, 'File 1160', 58),
	(1161, 'File 1161', 59),
	(1162, 'File 1162', 59),
	(1163, 'File 1163', 59),
	(1164, 'File 1164', 59),
	(1165, 'File 1165', 59),
	(1166, 'File 1166', 59),
	(1167, 'File 1167', 59),
	(1168, 'File 1168', 59),
	(1169, 'File 1169', 59),
	(1170, 'File 1170', 59),
	(1171, 'File 1171', 59),
	(1172, 'File 1172', 59),
	(1173, 'File 1173', 59),
	(1174, 'File 1174', 59),
	(1175, 'File 1175', 59),
	(1176, 'File 1176', 59),
	(1177, 'File 1177', 59),
	(1178, 'File 1178', 59),
	(1179, 'File 1179', 59),
	(1180, 'File 1180', 59),
	(1181, 'File 1181', 60),
	(1182, 'File 1182', 60),
	(1183, 'File 1183', 60),
	(1184, 'File 1184', 60),
	(1185, 'File 1185', 60),
	(1186, 'File 1186', 60),
	(1187, 'File 1187', 60),
	(1188, 'File 1188', 60),
	(1189, 'File 1189', 60),
	(1190, 'File 1190', 60),
	(1191, 'File 1191', 60),
	(1192, 'File 1192', 60),
	(1193, 'File 1193', 60),
	(1194, 'File 1194', 60),
	(1195, 'File 1195', 60),
	(1196, 'File 1196', 60),
	(1197, 'File 1197', 60),
	(1198, 'File 1198', 60),
	(1199, 'File 1199', 60),
	(1200, 'File 1200', 60),
	(1201, 'File 1201', 61),
	(1202, 'File 1202', 61),
	(1203, 'File 1203', 61),
	(1204, 'File 1204', 61),
	(1205, 'File 1205', 61),
	(1206, 'File 1206', 61),
	(1207, 'File 1207', 61),
	(1208, 'File 1208', 61),
	(1209, 'File 1209', 61),
	(1210, 'File 1210', 61),
	(1211, 'File 1211', 61),
	(1212, 'File 1212', 61),
	(1213, 'File 1213', 61),
	(1214, 'File 1214', 61),
	(1215, 'File 1215', 61),
	(1216, 'File 1216', 61),
	(1217, 'File 1217', 61),
	(1218, 'File 1218', 61),
	(1219, 'File 1219', 61),
	(1220, 'File 1220', 61),
	(1221, 'File 1221', 62),
	(1222, 'File 1222', 62),
	(1223, 'File 1223', 62),
	(1224, 'File 1224', 62),
	(1225, 'File 1225', 62),
	(1226, 'File 1226', 62),
	(1227, 'File 1227', 62),
	(1228, 'File 1228', 62),
	(1229, 'File 1229', 62),
	(1230, 'File 1230', 62),
	(1231, 'File 1231', 62),
	(1232, 'File 1232', 62),
	(1233, 'File 1233', 62),
	(1234, 'File 1234', 62),
	(1235, 'File 1235', 62),
	(1236, 'File 1236', 62),
	(1237, 'File 1237', 62),
	(1238, 'File 1238', 62),
	(1239, 'File 1239', 62),
	(1240, 'File 1240', 62),
	(1241, 'File 1241', 63),
	(1242, 'File 1242', 63),
	(1243, 'File 1243', 63),
	(1244, 'File 1244', 63),
	(1245, 'File 1245', 63),
	(1246, 'File 1246', 63),
	(1247, 'File 1247', 63),
	(1248, 'File 1248', 63),
	(1249, 'File 1249', 63),
	(1250, 'File 1250', 63),
	(1251, 'File 1251', 63),
	(1252, 'File 1252', 63),
	(1253, 'File 1253', 63),
	(1254, 'File 1254', 63),
	(1255, 'File 1255', 63),
	(1256, 'File 1256', 63),
	(1257, 'File 1257', 63),
	(1258, 'File 1258', 63),
	(1259, 'File 1259', 63),
	(1260, 'File 1260', 63),
	(1261, 'File 1261', 64),
	(1262, 'File 1262', 64),
	(1263, 'File 1263', 64),
	(1264, 'File 1264', 64),
	(1265, 'File 1265', 64),
	(1266, 'File 1266', 64),
	(1267, 'File 1267', 64),
	(1268, 'File 1268', 64),
	(1269, 'File 1269', 64),
	(1270, 'File 1270', 64),
	(1271, 'File 1271', 64),
	(1272, 'File 1272', 64),
	(1273, 'File 1273', 64),
	(1274, 'File 1274', 64),
	(1275, 'File 1275', 64),
	(1276, 'File 1276', 64),
	(1277, 'File 1277', 64),
	(1278, 'File 1278', 64),
	(1279, 'File 1279', 64),
	(1280, 'File 1280', 64),
	(1281, 'File 1281', 65),
	(1282, 'File 1282', 65),
	(1283, 'File 1283', 65),
	(1284, 'File 1284', 65),
	(1285, 'File 1285', 65),
	(1286, 'File 1286', 65),
	(1287, 'File 1287', 65),
	(1288, 'File 1288', 65),
	(1289, 'File 1289', 65),
	(1290, 'File 1290', 65),
	(1291, 'File 1291', 65),
	(1292, 'File 1292', 65),
	(1293, 'File 1293', 65),
	(1294, 'File 1294', 65),
	(1295, 'File 1295', 65),
	(1296, 'File 1296', 65),
	(1297, 'File 1297', 65),
	(1298, 'File 1298', 65),
	(1299, 'File 1299', 65),
	(1300, 'File 1300', 65),
	(1301, 'File 1301', 66),
	(1302, 'File 1302', 66),
	(1303, 'File 1303', 66),
	(1304, 'File 1304', 66),
	(1305, 'File 1305', 66),
	(1306, 'File 1306', 66),
	(1307, 'File 1307', 66),
	(1308, 'File 1308', 66),
	(1309, 'File 1309', 66),
	(1310, 'File 1310', 66),
	(1311, 'File 1311', 66),
	(1312, 'File 1312', 66),
	(1313, 'File 1313', 66),
	(1314, 'File 1314', 66),
	(1315, 'File 1315', 66),
	(1316, 'File 1316', 66),
	(1317, 'File 1317', 66),
	(1318, 'File 1318', 66),
	(1319, 'File 1319', 66),
	(1320, 'File 1320', 66),
	(1321, 'File 1321', 67),
	(1322, 'File 1322', 67),
	(1323, 'File 1323', 67),
	(1324, 'File 1324', 67),
	(1325, 'File 1325', 67),
	(1326, 'File 1326', 67),
	(1327, 'File 1327', 67),
	(1328, 'File 1328', 67),
	(1329, 'File 1329', 67),
	(1330, 'File 1330', 67),
	(1331, 'File 1331', 67),
	(1332, 'File 1332', 67),
	(1333, 'File 1333', 67),
	(1334, 'File 1334', 67),
	(1335, 'File 1335', 67),
	(1336, 'File 1336', 67),
	(1337, 'File 1337', 67),
	(1338, 'File 1338', 67),
	(1339, 'File 1339', 67),
	(1340, 'File 1340', 67),
	(1341, 'File 1341', 68),
	(1342, 'File 1342', 68),
	(1343, 'File 1343', 68),
	(1344, 'File 1344', 68),
	(1345, 'File 1345', 68),
	(1346, 'File 1346', 68),
	(1347, 'File 1347', 68),
	(1348, 'File 1348', 68),
	(1349, 'File 1349', 68),
	(1350, 'File 1350', 68),
	(1351, 'File 1351', 68),
	(1352, 'File 1352', 68),
	(1353, 'File 1353', 68),
	(1354, 'File 1354', 68),
	(1355, 'File 1355', 68),
	(1356, 'File 1356', 68),
	(1357, 'File 1357', 68),
	(1358, 'File 1358', 68),
	(1359, 'File 1359', 68),
	(1360, 'File 1360', 68),
	(1361, 'File 1361', 69),
	(1362, 'File 1362', 69),
	(1363, 'File 1363', 69),
	(1364, 'File 1364', 69),
	(1365, 'File 1365', 69),
	(1366, 'File 1366', 69),
	(1367, 'File 1367', 69),
	(1368, 'File 1368', 69),
	(1369, 'File 1369', 69),
	(1370, 'File 1370', 69),
	(1371, 'File 1371', 69),
	(1372, 'File 1372', 69),
	(1373, 'File 1373', 69),
	(1374, 'File 1374', 69),
	(1375, 'File 1375', 69),
	(1376, 'File 1376', 69),
	(1377, 'File 1377', 69),
	(1378, 'File 1378', 69),
	(1379, 'File 1379', 69),
	(1380, 'File 1380', 69),
	(1381, 'File 1381', 70),
	(1382, 'File 1382', 70),
	(1383, 'File 1383', 70),
	(1384, 'File 1384', 70),
	(1385, 'File 1385', 70),
	(1386, 'File 1386', 70),
	(1387, 'File 1387', 70),
	(1388, 'File 1388', 70),
	(1389, 'File 1389', 70),
	(1390, 'File 1390', 70),
	(1391, 'File 1391', 70),
	(1392, 'File 1392', 70),
	(1393, 'File 1393', 70),
	(1394, 'File 1394', 70),
	(1395, 'File 1395', 70),
	(1396, 'File 1396', 70),
	(1397, 'File 1397', 70),
	(1398, 'File 1398', 70),
	(1399, 'File 1399', 70),
	(1400, 'File 1400', 70),
	(1401, 'File 1401', 71),
	(1402, 'File 1402', 71),
	(1403, 'File 1403', 71),
	(1404, 'File 1404', 71),
	(1405, 'File 1405', 71),
	(1406, 'File 1406', 71),
	(1407, 'File 1407', 71),
	(1408, 'File 1408', 71),
	(1409, 'File 1409', 71),
	(1410, 'File 1410', 71),
	(1411, 'File 1411', 71),
	(1412, 'File 1412', 71),
	(1413, 'File 1413', 71),
	(1414, 'File 1414', 71),
	(1415, 'File 1415', 71),
	(1416, 'File 1416', 71),
	(1417, 'File 1417', 71),
	(1418, 'File 1418', 71),
	(1419, 'File 1419', 71),
	(1420, 'File 1420', 71),
	(1421, 'File 1421', 72),
	(1422, 'File 1422', 72),
	(1423, 'File 1423', 72),
	(1424, 'File 1424', 72),
	(1425, 'File 1425', 72),
	(1426, 'File 1426', 72),
	(1427, 'File 1427', 72),
	(1428, 'File 1428', 72),
	(1429, 'File 1429', 72),
	(1430, 'File 1430', 72),
	(1431, 'File 1431', 72),
	(1432, 'File 1432', 72),
	(1433, 'File 1433', 72),
	(1434, 'File 1434', 72),
	(1435, 'File 1435', 72),
	(1436, 'File 1436', 72),
	(1437, 'File 1437', 72),
	(1438, 'File 1438', 72),
	(1439, 'File 1439', 72),
	(1440, 'File 1440', 72),
	(1441, 'File 1441', 73),
	(1442, 'File 1442', 73),
	(1443, 'File 1443', 73),
	(1444, 'File 1444', 73),
	(1445, 'File 1445', 73),
	(1446, 'File 1446', 73),
	(1447, 'File 1447', 73),
	(1448, 'File 1448', 73),
	(1449, 'File 1449', 73),
	(1450, 'File 1450', 73),
	(1451, 'File 1451', 73),
	(1452, 'File 1452', 73),
	(1453, 'File 1453', 73),
	(1454, 'File 1454', 73),
	(1455, 'File 1455', 73),
	(1456, 'File 1456', 73),
	(1457, 'File 1457', 73),
	(1458, 'File 1458', 73),
	(1459, 'File 1459', 73),
	(1460, 'File 1460', 73),
	(1461, 'File 1461', 74),
	(1462, 'File 1462', 74),
	(1463, 'File 1463', 74),
	(1464, 'File 1464', 74),
	(1465, 'File 1465', 74),
	(1466, 'File 1466', 74),
	(1467, 'File 1467', 74),
	(1468, 'File 1468', 74),
	(1469, 'File 1469', 74),
	(1470, 'File 1470', 74),
	(1471, 'File 1471', 74),
	(1472, 'File 1472', 74),
	(1473, 'File 1473', 74),
	(1474, 'File 1474', 74),
	(1475, 'File 1475', 74),
	(1476, 'File 1476', 74),
	(1477, 'File 1477', 74),
	(1478, 'File 1478', 74),
	(1479, 'File 1479', 74),
	(1480, 'File 1480', 74),
	(1481, 'File 1481', 75),
	(1482, 'File 1482', 75),
	(1483, 'File 1483', 75),
	(1484, 'File 1484', 75),
	(1485, 'File 1485', 75),
	(1486, 'File 1486', 75),
	(1487, 'File 1487', 75),
	(1488, 'File 1488', 75),
	(1489, 'File 1489', 75),
	(1490, 'File 1490', 75),
	(1491, 'File 1491', 75),
	(1492, 'File 1492', 75),
	(1493, 'File 1493', 75),
	(1494, 'File 1494', 75),
	(1495, 'File 1495', 75),
	(1496, 'File 1496', 75),
	(1497, 'File 1497', 75),
	(1498, 'File 1498', 75),
	(1499, 'File 1499', 75),
	(1500, 'File 1500', 75),
	(1501, 'File 1501', 76),
	(1502, 'File 1502', 76),
	(1503, 'File 1503', 76),
	(1504, 'File 1504', 76),
	(1505, 'File 1505', 76),
	(1506, 'File 1506', 76),
	(1507, 'File 1507', 76),
	(1508, 'File 1508', 76),
	(1509, 'File 1509', 76),
	(1510, 'File 1510', 76),
	(1511, 'File 1511', 76),
	(1512, 'File 1512', 76),
	(1513, 'File 1513', 76),
	(1514, 'File 1514', 76),
	(1515, 'File 1515', 76),
	(1516, 'File 1516', 76),
	(1517, 'File 1517', 76),
	(1518, 'File 1518', 76),
	(1519, 'File 1519', 76),
	(1520, 'File 1520', 76),
	(1521, 'File 1521', 77),
	(1522, 'File 1522', 77),
	(1523, 'File 1523', 77),
	(1524, 'File 1524', 77),
	(1525, 'File 1525', 77),
	(1526, 'File 1526', 77),
	(1527, 'File 1527', 77),
	(1528, 'File 1528', 77),
	(1529, 'File 1529', 77),
	(1530, 'File 1530', 77),
	(1531, 'File 1531', 77),
	(1532, 'File 1532', 77),
	(1533, 'File 1533', 77),
	(1534, 'File 1534', 77),
	(1535, 'File 1535', 77),
	(1536, 'File 1536', 77),
	(1537, 'File 1537', 77),
	(1538, 'File 1538', 77),
	(1539, 'File 1539', 77),
	(1540, 'File 1540', 77),
	(1541, 'File 1541', 78),
	(1542, 'File 1542', 78),
	(1543, 'File 1543', 78),
	(1544, 'File 1544', 78),
	(1545, 'File 1545', 78),
	(1546, 'File 1546', 78),
	(1547, 'File 1547', 78),
	(1548, 'File 1548', 78),
	(1549, 'File 1549', 78),
	(1550, 'File 1550', 78),
	(1551, 'File 1551', 78),
	(1552, 'File 1552', 78),
	(1553, 'File 1553', 78),
	(1554, 'File 1554', 78),
	(1555, 'File 1555', 78),
	(1556, 'File 1556', 78),
	(1557, 'File 1557', 78),
	(1558, 'File 1558', 78),
	(1559, 'File 1559', 78),
	(1560, 'File 1560', 78),
	(1561, 'File 1561', 79),
	(1562, 'File 1562', 79),
	(1563, 'File 1563', 79),
	(1564, 'File 1564', 79),
	(1565, 'File 1565', 79),
	(1566, 'File 1566', 79),
	(1567, 'File 1567', 79),
	(1568, 'File 1568', 79),
	(1569, 'File 1569', 79),
	(1570, 'File 1570', 79),
	(1571, 'File 1571', 79),
	(1572, 'File 1572', 79),
	(1573, 'File 1573', 79),
	(1574, 'File 1574', 79),
	(1575, 'File 1575', 79),
	(1576, 'File 1576', 79),
	(1577, 'File 1577', 79),
	(1578, 'File 1578', 79),
	(1579, 'File 1579', 79),
	(1580, 'File 1580', 79),
	(1581, 'File 1581', 80),
	(1582, 'File 1582', 80),
	(1583, 'File 1583', 80),
	(1584, 'File 1584', 80),
	(1585, 'File 1585', 80),
	(1586, 'File 1586', 80),
	(1587, 'File 1587', 80),
	(1588, 'File 1588', 80),
	(1589, 'File 1589', 80),
	(1590, 'File 1590', 80),
	(1591, 'File 1591', 80),
	(1592, 'File 1592', 80),
	(1593, 'File 1593', 80),
	(1594, 'File 1594', 80),
	(1595, 'File 1595', 80),
	(1596, 'File 1596', 80),
	(1597, 'File 1597', 80),
	(1598, 'File 1598', 80),
	(1599, 'File 1599', 80),
	(1600, 'File 1600', 80),
	(1601, 'File 1601', 81),
	(1602, 'File 1602', 81),
	(1603, 'File 1603', 81),
	(1604, 'File 1604', 81),
	(1605, 'File 1605', 81),
	(1606, 'File 1606', 81),
	(1607, 'File 1607', 81),
	(1608, 'File 1608', 81),
	(1609, 'File 1609', 81),
	(1610, 'File 1610', 81),
	(1611, 'File 1611', 81),
	(1612, 'File 1612', 81),
	(1613, 'File 1613', 81),
	(1614, 'File 1614', 81),
	(1615, 'File 1615', 81),
	(1616, 'File 1616', 81),
	(1617, 'File 1617', 81),
	(1618, 'File 1618', 81),
	(1619, 'File 1619', 81),
	(1620, 'File 1620', 81),
	(1621, 'File 1621', 82),
	(1622, 'File 1622', 82),
	(1623, 'File 1623', 82),
	(1624, 'File 1624', 82),
	(1625, 'File 1625', 82),
	(1626, 'File 1626', 82),
	(1627, 'File 1627', 82),
	(1628, 'File 1628', 82),
	(1629, 'File 1629', 82),
	(1630, 'File 1630', 82),
	(1631, 'File 1631', 82),
	(1632, 'File 1632', 82),
	(1633, 'File 1633', 82),
	(1634, 'File 1634', 82),
	(1635, 'File 1635', 82),
	(1636, 'File 1636', 82),
	(1637, 'File 1637', 82),
	(1638, 'File 1638', 82),
	(1639, 'File 1639', 82),
	(1640, 'File 1640', 82),
	(1641, 'File 1641', 83),
	(1642, 'File 1642', 83),
	(1643, 'File 1643', 83),
	(1644, 'File 1644', 83),
	(1645, 'File 1645', 83),
	(1646, 'File 1646', 83),
	(1647, 'File 1647', 83),
	(1648, 'File 1648', 83),
	(1649, 'File 1649', 83),
	(1650, 'File 1650', 83),
	(1651, 'File 1651', 83),
	(1652, 'File 1652', 83),
	(1653, 'File 1653', 83),
	(1654, 'File 1654', 83),
	(1655, 'File 1655', 83),
	(1656, 'File 1656', 83),
	(1657, 'File 1657', 83),
	(1658, 'File 1658', 83),
	(1659, 'File 1659', 83),
	(1660, 'File 1660', 83),
	(1661, 'File 1661', 84),
	(1662, 'File 1662', 84),
	(1663, 'File 1663', 84),
	(1664, 'File 1664', 84),
	(1665, 'File 1665', 84),
	(1666, 'File 1666', 84),
	(1667, 'File 1667', 84),
	(1668, 'File 1668', 84),
	(1669, 'File 1669', 84),
	(1670, 'File 1670', 84),
	(1671, 'File 1671', 84),
	(1672, 'File 1672', 84),
	(1673, 'File 1673', 84),
	(1674, 'File 1674', 84),
	(1675, 'File 1675', 84),
	(1676, 'File 1676', 84),
	(1677, 'File 1677', 84),
	(1678, 'File 1678', 84),
	(1679, 'File 1679', 84),
	(1680, 'File 1680', 84),
	(1681, 'File 1681', 85),
	(1682, 'File 1682', 85),
	(1683, 'File 1683', 85),
	(1684, 'File 1684', 85),
	(1685, 'File 1685', 85),
	(1686, 'File 1686', 85),
	(1687, 'File 1687', 85),
	(1688, 'File 1688', 85),
	(1689, 'File 1689', 85),
	(1690, 'File 1690', 85),
	(1691, 'File 1691', 85),
	(1692, 'File 1692', 85),
	(1693, 'File 1693', 85),
	(1694, 'File 1694', 85),
	(1695, 'File 1695', 85),
	(1696, 'File 1696', 85),
	(1697, 'File 1697', 85),
	(1698, 'File 1698', 85),
	(1699, 'File 1699', 85),
	(1700, 'File 1700', 85),
	(1701, 'File 1701', 86),
	(1702, 'File 1702', 86),
	(1703, 'File 1703', 86),
	(1704, 'File 1704', 86),
	(1705, 'File 1705', 86),
	(1706, 'File 1706', 86),
	(1707, 'File 1707', 86),
	(1708, 'File 1708', 86),
	(1709, 'File 1709', 86),
	(1710, 'File 1710', 86),
	(1711, 'File 1711', 86),
	(1712, 'File 1712', 86),
	(1713, 'File 1713', 86),
	(1714, 'File 1714', 86),
	(1715, 'File 1715', 86),
	(1716, 'File 1716', 86),
	(1717, 'File 1717', 86),
	(1718, 'File 1718', 86),
	(1719, 'File 1719', 86),
	(1720, 'File 1720', 86),
	(1721, 'File 1721', 87),
	(1722, 'File 1722', 87),
	(1723, 'File 1723', 87),
	(1724, 'File 1724', 87),
	(1725, 'File 1725', 87),
	(1726, 'File 1726', 87),
	(1727, 'File 1727', 87),
	(1728, 'File 1728', 87),
	(1729, 'File 1729', 87),
	(1730, 'File 1730', 87),
	(1731, 'File 1731', 87),
	(1732, 'File 1732', 87),
	(1733, 'File 1733', 87),
	(1734, 'File 1734', 87),
	(1735, 'File 1735', 87),
	(1736, 'File 1736', 87),
	(1737, 'File 1737', 87),
	(1738, 'File 1738', 87),
	(1739, 'File 1739', 87),
	(1740, 'File 1740', 87),
	(1741, 'File 1741', 88),
	(1742, 'File 1742', 88),
	(1743, 'File 1743', 88),
	(1744, 'File 1744', 88),
	(1745, 'File 1745', 88),
	(1746, 'File 1746', 88),
	(1747, 'File 1747', 88),
	(1748, 'File 1748', 88),
	(1749, 'File 1749', 88),
	(1750, 'File 1750', 88),
	(1751, 'File 1751', 88),
	(1752, 'File 1752', 88),
	(1753, 'File 1753', 88),
	(1754, 'File 1754', 88),
	(1755, 'File 1755', 88),
	(1756, 'File 1756', 88),
	(1757, 'File 1757', 88),
	(1758, 'File 1758', 88),
	(1759, 'File 1759', 88),
	(1760, 'File 1760', 88),
	(1761, 'File 1761', 89),
	(1762, 'File 1762', 89),
	(1763, 'File 1763', 89),
	(1764, 'File 1764', 89),
	(1765, 'File 1765', 89),
	(1766, 'File 1766', 89),
	(1767, 'File 1767', 89),
	(1768, 'File 1768', 89),
	(1769, 'File 1769', 89),
	(1770, 'File 1770', 89),
	(1771, 'File 1771', 89),
	(1772, 'File 1772', 89),
	(1773, 'File 1773', 89),
	(1774, 'File 1774', 89),
	(1775, 'File 1775', 89),
	(1776, 'File 1776', 89),
	(1777, 'File 1777', 89),
	(1778, 'File 1778', 89),
	(1779, 'File 1779', 89),
	(1780, 'File 1780', 89),
	(1781, 'File 1781', 90),
	(1782, 'File 1782', 90),
	(1783, 'File 1783', 90),
	(1784, 'File 1784', 90),
	(1785, 'File 1785', 90),
	(1786, 'File 1786', 90),
	(1787, 'File 1787', 90),
	(1788, 'File 1788', 90),
	(1789, 'File 1789', 90),
	(1790, 'File 1790', 90),
	(1791, 'File 1791', 90),
	(1792, 'File 1792', 90),
	(1793, 'File 1793', 90),
	(1794, 'File 1794', 90),
	(1795, 'File 1795', 90),
	(1796, 'File 1796', 90),
	(1797, 'File 1797', 90),
	(1798, 'File 1798', 90),
	(1799, 'File 1799', 90),
	(1800, 'File 1800', 90),
	(1801, 'File 1801', 91),
	(1802, 'File 1802', 91),
	(1803, 'File 1803', 91),
	(1804, 'File 1804', 91),
	(1805, 'File 1805', 91),
	(1806, 'File 1806', 91),
	(1807, 'File 1807', 91),
	(1808, 'File 1808', 91),
	(1809, 'File 1809', 91),
	(1810, 'File 1810', 91),
	(1811, 'File 1811', 91),
	(1812, 'File 1812', 91),
	(1813, 'File 1813', 91),
	(1814, 'File 1814', 91),
	(1815, 'File 1815', 91),
	(1816, 'File 1816', 91),
	(1817, 'File 1817', 91),
	(1818, 'File 1818', 91),
	(1819, 'File 1819', 91),
	(1820, 'File 1820', 91),
	(1821, 'File 1821', 92),
	(1822, 'File 1822', 92),
	(1823, 'File 1823', 92),
	(1824, 'File 1824', 92),
	(1825, 'File 1825', 92),
	(1826, 'File 1826', 92),
	(1827, 'File 1827', 92),
	(1828, 'File 1828', 92),
	(1829, 'File 1829', 92),
	(1830, 'File 1830', 92),
	(1831, 'File 1831', 92),
	(1832, 'File 1832', 92),
	(1833, 'File 1833', 92),
	(1834, 'File 1834', 92),
	(1835, 'File 1835', 92),
	(1836, 'File 1836', 92),
	(1837, 'File 1837', 92),
	(1838, 'File 1838', 92),
	(1839, 'File 1839', 92),
	(1840, 'File 1840', 92),
	(1841, 'File 1841', 93),
	(1842, 'File 1842', 93),
	(1843, 'File 1843', 93),
	(1844, 'File 1844', 93),
	(1845, 'File 1845', 93),
	(1846, 'File 1846', 93),
	(1847, 'File 1847', 93),
	(1848, 'File 1848', 93),
	(1849, 'File 1849', 93),
	(1850, 'File 1850', 93),
	(1851, 'File 1851', 93),
	(1852, 'File 1852', 93),
	(1853, 'File 1853', 93),
	(1854, 'File 1854', 93),
	(1855, 'File 1855', 93),
	(1856, 'File 1856', 93),
	(1857, 'File 1857', 93),
	(1858, 'File 1858', 93),
	(1859, 'File 1859', 93),
	(1860, 'File 1860', 93),
	(1861, 'File 1861', 94),
	(1862, 'File 1862', 94),
	(1863, 'File 1863', 94),
	(1864, 'File 1864', 94),
	(1865, 'File 1865', 94),
	(1866, 'File 1866', 94),
	(1867, 'File 1867', 94),
	(1868, 'File 1868', 94),
	(1869, 'File 1869', 94),
	(1870, 'File 1870', 94),
	(1871, 'File 1871', 94),
	(1872, 'File 1872', 94),
	(1873, 'File 1873', 94),
	(1874, 'File 1874', 94),
	(1875, 'File 1875', 94),
	(1876, 'File 1876', 94),
	(1877, 'File 1877', 94),
	(1878, 'File 1878', 94),
	(1879, 'File 1879', 94),
	(1880, 'File 1880', 94),
	(1881, 'File 1881', 95),
	(1882, 'File 1882', 95),
	(1883, 'File 1883', 95),
	(1884, 'File 1884', 95),
	(1885, 'File 1885', 95),
	(1886, 'File 1886', 95),
	(1887, 'File 1887', 95),
	(1888, 'File 1888', 95),
	(1889, 'File 1889', 95),
	(1890, 'File 1890', 95),
	(1891, 'File 1891', 95),
	(1892, 'File 1892', 95),
	(1893, 'File 1893', 95),
	(1894, 'File 1894', 95),
	(1895, 'File 1895', 95),
	(1896, 'File 1896', 95),
	(1897, 'File 1897', 95),
	(1898, 'File 1898', 95),
	(1899, 'File 1899', 95),
	(1900, 'File 1900', 95),
	(1901, 'File 1901', 96),
	(1902, 'File 1902', 96),
	(1903, 'File 1903', 96),
	(1904, 'File 1904', 96),
	(1905, 'File 1905', 96),
	(1906, 'File 1906', 96),
	(1907, 'File 1907', 96),
	(1908, 'File 1908', 96),
	(1909, 'File 1909', 96),
	(1910, 'File 1910', 96),
	(1911, 'File 1911', 96),
	(1912, 'File 1912', 96),
	(1913, 'File 1913', 96),
	(1914, 'File 1914', 96),
	(1915, 'File 1915', 96),
	(1916, 'File 1916', 96),
	(1917, 'File 1917', 96),
	(1918, 'File 1918', 96),
	(1919, 'File 1919', 96),
	(1920, 'File 1920', 96),
	(1921, 'File 1921', 97),
	(1922, 'File 1922', 97),
	(1923, 'File 1923', 97),
	(1924, 'File 1924', 97),
	(1925, 'File 1925', 97),
	(1926, 'File 1926', 97),
	(1927, 'File 1927', 97),
	(1928, 'File 1928', 97),
	(1929, 'File 1929', 97),
	(1930, 'File 1930', 97),
	(1931, 'File 1931', 97),
	(1932, 'File 1932', 97),
	(1933, 'File 1933', 97),
	(1934, 'File 1934', 97),
	(1935, 'File 1935', 97),
	(1936, 'File 1936', 97),
	(1937, 'File 1937', 97),
	(1938, 'File 1938', 97),
	(1939, 'File 1939', 97),
	(1940, 'File 1940', 97),
	(1941, 'File 1941', 98),
	(1942, 'File 1942', 98),
	(1943, 'File 1943', 98),
	(1944, 'File 1944', 98),
	(1945, 'File 1945', 98),
	(1946, 'File 1946', 98),
	(1947, 'File 1947', 98),
	(1948, 'File 1948', 98),
	(1949, 'File 1949', 98),
	(1950, 'File 1950', 98),
	(1951, 'File 1951', 98),
	(1952, 'File 1952', 98),
	(1953, 'File 1953', 98),
	(1954, 'File 1954', 98),
	(1955, 'File 1955', 98),
	(1956, 'File 1956', 98),
	(1957, 'File 1957', 98),
	(1958, 'File 1958', 98),
	(1959, 'File 1959', 98),
	(1960, 'File 1960', 98),
	(1961, 'File 1961', 99),
	(1962, 'File 1962', 99),
	(1963, 'File 1963', 99),
	(1964, 'File 1964', 99),
	(1965, 'File 1965', 99),
	(1966, 'File 1966', 99),
	(1967, 'File 1967', 99),
	(1968, 'File 1968', 99),
	(1969, 'File 1969', 99),
	(1970, 'File 1970', 99),
	(1971, 'File 1971', 99),
	(1972, 'File 1972', 99),
	(1973, 'File 1973', 99),
	(1974, 'File 1974', 99),
	(1975, 'File 1975', 99),
	(1976, 'File 1976', 99),
	(1977, 'File 1977', 99),
	(1978, 'File 1978', 99),
	(1979, 'File 1979', 99),
	(1980, 'File 1980', 99),
	(1981, 'File 1981', 100),
	(1982, 'File 1982', 100),
	(1983, 'File 1983', 100),
	(1984, 'File 1984', 100),
	(1985, 'File 1985', 100),
	(1986, 'File 1986', 100),
	(1987, 'File 1987', 100),
	(1988, 'File 1988', 100),
	(1989, 'File 1989', 100),
	(1990, 'File 1990', 100),
	(1991, 'File 1991', 100),
	(1992, 'File 1992', 100),
	(1993, 'File 1993', 100),
	(1994, 'File 1994', 100),
	(1995, 'File 1995', 100),
	(1996, 'File 1996', 100),
	(1997, 'File 1997', 100),
	(1998, 'File 1998', 100),
	(1999, 'File 1999', 100),
	(2000, 'File 2000', 100),
	(2001, 'File 2001', 101),
	(2002, 'File 2002', 101),
	(2003, 'File 2003', 101),
	(2004, 'File 2004', 101),
	(2005, 'File 2005', 101),
	(2006, 'File 2006', 101),
	(2007, 'File 2007', 101),
	(2008, 'File 2008', 101),
	(2009, 'File 2009', 101),
	(2010, 'File 2010', 101),
	(2011, 'File 2011', 101),
	(2012, 'File 2012', 101),
	(2013, 'File 2013', 101),
	(2014, 'File 2014', 101),
	(2015, 'File 2015', 101),
	(2016, 'File 2016', 101),
	(2017, 'File 2017', 101),
	(2018, 'File 2018', 101),
	(2019, 'File 2019', 101),
	(2020, 'File 2020', 101),
	(2021, 'File 2021', 102),
	(2022, 'File 2022', 102),
	(2023, 'File 2023', 102),
	(2024, 'File 2024', 102),
	(2025, 'File 2025', 102),
	(2026, 'File 2026', 102),
	(2027, 'File 2027', 102),
	(2028, 'File 2028', 102),
	(2029, 'File 2029', 102),
	(2030, 'File 2030', 102),
	(2031, 'File 2031', 102),
	(2032, 'File 2032', 102),
	(2033, 'File 2033', 102),
	(2034, 'File 2034', 102),
	(2035, 'File 2035', 102),
	(2036, 'File 2036', 102),
	(2037, 'File 2037', 102),
	(2038, 'File 2038', 102),
	(2039, 'File 2039', 102),
	(2040, 'File 2040', 102),
	(2041, 'File 2041', 103),
	(2042, 'File 2042', 103),
	(2043, 'File 2043', 103),
	(2044, 'File 2044', 103),
	(2045, 'File 2045', 103),
	(2046, 'File 2046', 103),
	(2047, 'File 2047', 103),
	(2048, 'File 2048', 103),
	(2049, 'File 2049', 103),
	(2050, 'File 2050', 103),
	(2051, 'File 2051', 103),
	(2052, 'File 2052', 103),
	(2053, 'File 2053', 103),
	(2054, 'File 2054', 103),
	(2055, 'File 2055', 103),
	(2056, 'File 2056', 103),
	(2057, 'File 2057', 103),
	(2058, 'File 2058', 103),
	(2059, 'File 2059', 103),
	(2060, 'File 2060', 103),
	(2061, 'File 2061', 104),
	(2062, 'File 2062', 104),
	(2063, 'File 2063', 104),
	(2064, 'File 2064', 104),
	(2065, 'File 2065', 104),
	(2066, 'File 2066', 104),
	(2067, 'File 2067', 104),
	(2068, 'File 2068', 104),
	(2069, 'File 2069', 104),
	(2070, 'File 2070', 104),
	(2071, 'File 2071', 104),
	(2072, 'File 2072', 104),
	(2073, 'File 2073', 104),
	(2074, 'File 2074', 104),
	(2075, 'File 2075', 104),
	(2076, 'File 2076', 104),
	(2077, 'File 2077', 104),
	(2078, 'File 2078', 104),
	(2079, 'File 2079', 104),
	(2080, 'File 2080', 104),
	(2081, 'File 2081', 105),
	(2082, 'File 2082', 105),
	(2083, 'File 2083', 105),
	(2084, 'File 2084', 105),
	(2085, 'File 2085', 105),
	(2086, 'File 2086', 105),
	(2087, 'File 2087', 105),
	(2088, 'File 2088', 105),
	(2089, 'File 2089', 105),
	(2090, 'File 2090', 105),
	(2091, 'File 2091', 105),
	(2092, 'File 2092', 105),
	(2093, 'File 2093', 105),
	(2094, 'File 2094', 105),
	(2095, 'File 2095', 105),
	(2096, 'File 2096', 105),
	(2097, 'File 2097', 105),
	(2098, 'File 2098', 105),
	(2099, 'File 2099', 105),
	(2100, 'File 2100', 105),
	(2101, 'File 2101', 106),
	(2102, 'File 2102', 106),
	(2103, 'File 2103', 106),
	(2104, 'File 2104', 106),
	(2105, 'File 2105', 106),
	(2106, 'File 2106', 106),
	(2107, 'File 2107', 106),
	(2108, 'File 2108', 106),
	(2109, 'File 2109', 106),
	(2110, 'File 2110', 106),
	(2111, 'File 2111', 106),
	(2112, 'File 2112', 106),
	(2113, 'File 2113', 106),
	(2114, 'File 2114', 106),
	(2115, 'File 2115', 106),
	(2116, 'File 2116', 106),
	(2117, 'File 2117', 106),
	(2118, 'File 2118', 106),
	(2119, 'File 2119', 106),
	(2120, 'File 2120', 106),
	(2121, 'File 2121', 107),
	(2122, 'File 2122', 107),
	(2123, 'File 2123', 107),
	(2124, 'File 2124', 107),
	(2125, 'File 2125', 107),
	(2126, 'File 2126', 107),
	(2127, 'File 2127', 107),
	(2128, 'File 2128', 107),
	(2129, 'File 2129', 107),
	(2130, 'File 2130', 107),
	(2131, 'File 2131', 107),
	(2132, 'File 2132', 107),
	(2133, 'File 2133', 107),
	(2134, 'File 2134', 107),
	(2135, 'File 2135', 107),
	(2136, 'File 2136', 107),
	(2137, 'File 2137', 107),
	(2138, 'File 2138', 107),
	(2139, 'File 2139', 107),
	(2140, 'File 2140', 107),
	(2141, 'File 2141', 108),
	(2142, 'File 2142', 108),
	(2143, 'File 2143', 108),
	(2144, 'File 2144', 108),
	(2145, 'File 2145', 108),
	(2146, 'File 2146', 108),
	(2147, 'File 2147', 108),
	(2148, 'File 2148', 108),
	(2149, 'File 2149', 108),
	(2150, 'File 2150', 108),
	(2151, 'File 2151', 108),
	(2152, 'File 2152', 108),
	(2153, 'File 2153', 108),
	(2154, 'File 2154', 108),
	(2155, 'File 2155', 108),
	(2156, 'File 2156', 108),
	(2157, 'File 2157', 108),
	(2158, 'File 2158', 108),
	(2159, 'File 2159', 108),
	(2160, 'File 2160', 108),
	(2161, 'File 2161', 109),
	(2162, 'File 2162', 109),
	(2163, 'File 2163', 109),
	(2164, 'File 2164', 109),
	(2165, 'File 2165', 109),
	(2166, 'File 2166', 109),
	(2167, 'File 2167', 109),
	(2168, 'File 2168', 109),
	(2169, 'File 2169', 109),
	(2170, 'File 2170', 109),
	(2171, 'File 2171', 109),
	(2172, 'File 2172', 109),
	(2173, 'File 2173', 109),
	(2174, 'File 2174', 109),
	(2175, 'File 2175', 109),
	(2176, 'File 2176', 109),
	(2177, 'File 2177', 109),
	(2178, 'File 2178', 109),
	(2179, 'File 2179', 109),
	(2180, 'File 2180', 109),
	(2181, 'File 2181', 110),
	(2182, 'File 2182', 110),
	(2183, 'File 2183', 110),
	(2184, 'File 2184', 110),
	(2185, 'File 2185', 110),
	(2186, 'File 2186', 110),
	(2187, 'File 2187', 110),
	(2188, 'File 2188', 110),
	(2189, 'File 2189', 110),
	(2190, 'File 2190', 110),
	(2191, 'File 2191', 110),
	(2192, 'File 2192', 110),
	(2193, 'File 2193', 110),
	(2194, 'File 2194', 110),
	(2195, 'File 2195', 110),
	(2196, 'File 2196', 110),
	(2197, 'File 2197', 110),
	(2198, 'File 2198', 110),
	(2199, 'File 2199', 110),
	(2200, 'File 2200', 110),
	(2201, 'File 2201', 111),
	(2202, 'File 2202', 111),
	(2203, 'File 2203', 111),
	(2204, 'File 2204', 111),
	(2205, 'File 2205', 111),
	(2206, 'File 2206', 111),
	(2207, 'File 2207', 111),
	(2208, 'File 2208', 111),
	(2209, 'File 2209', 111),
	(2210, 'File 2210', 111),
	(2211, 'File 2211', 111),
	(2212, 'File 2212', 111),
	(2213, 'File 2213', 111),
	(2214, 'File 2214', 111),
	(2215, 'File 2215', 111),
	(2216, 'File 2216', 111),
	(2217, 'File 2217', 111),
	(2218, 'File 2218', 111),
	(2219, 'File 2219', 111),
	(2220, 'File 2220', 111),
	(2221, 'File 2221', 112),
	(2222, 'File 2222', 112),
	(2223, 'File 2223', 112),
	(2224, 'File 2224', 112),
	(2225, 'File 2225', 112),
	(2226, 'File 2226', 112),
	(2227, 'File 2227', 112),
	(2228, 'File 2228', 112),
	(2229, 'File 2229', 112),
	(2230, 'File 2230', 112),
	(2231, 'File 2231', 112),
	(2232, 'File 2232', 112),
	(2233, 'File 2233', 112),
	(2234, 'File 2234', 112),
	(2235, 'File 2235', 112),
	(2236, 'File 2236', 112),
	(2237, 'File 2237', 112),
	(2238, 'File 2238', 112),
	(2239, 'File 2239', 112),
	(2240, 'File 2240', 112),
	(2241, 'File 2241', 113),
	(2242, 'File 2242', 113),
	(2243, 'File 2243', 113),
	(2244, 'File 2244', 113),
	(2245, 'File 2245', 113),
	(2246, 'File 2246', 113),
	(2247, 'File 2247', 113),
	(2248, 'File 2248', 113),
	(2249, 'File 2249', 113),
	(2250, 'File 2250', 113),
	(2251, 'File 2251', 113),
	(2252, 'File 2252', 113),
	(2253, 'File 2253', 113),
	(2254, 'File 2254', 113),
	(2255, 'File 2255', 113),
	(2256, 'File 2256', 113),
	(2257, 'File 2257', 113),
	(2258, 'File 2258', 113),
	(2259, 'File 2259', 113),
	(2260, 'File 2260', 113),
	(2261, 'File 2261', 114),
	(2262, 'File 2262', 114),
	(2263, 'File 2263', 114),
	(2264, 'File 2264', 114),
	(2265, 'File 2265', 114),
	(2266, 'File 2266', 114),
	(2267, 'File 2267', 114),
	(2268, 'File 2268', 114),
	(2269, 'File 2269', 114),
	(2270, 'File 2270', 114),
	(2271, 'File 2271', 114),
	(2272, 'File 2272', 114),
	(2273, 'File 2273', 114),
	(2274, 'File 2274', 114),
	(2275, 'File 2275', 114),
	(2276, 'File 2276', 114),
	(2277, 'File 2277', 114),
	(2278, 'File 2278', 114),
	(2279, 'File 2279', 114),
	(2280, 'File 2280', 114),
	(2281, 'File 2281', 115),
	(2282, 'File 2282', 115),
	(2283, 'File 2283', 115),
	(2284, 'File 2284', 115),
	(2285, 'File 2285', 115),
	(2286, 'File 2286', 115),
	(2287, 'File 2287', 115),
	(2288, 'File 2288', 115),
	(2289, 'File 2289', 115),
	(2290, 'File 2290', 115),
	(2291, 'File 2291', 115),
	(2292, 'File 2292', 115),
	(2293, 'File 2293', 115),
	(2294, 'File 2294', 115),
	(2295, 'File 2295', 115),
	(2296, 'File 2296', 115),
	(2297, 'File 2297', 115),
	(2298, 'File 2298', 115),
	(2299, 'File 2299', 115),
	(2300, 'File 2300', 115),
	(2301, 'File 2301', 116),
	(2302, 'File 2302', 116),
	(2303, 'File 2303', 116),
	(2304, 'File 2304', 116),
	(2305, 'File 2305', 116),
	(2306, 'File 2306', 116),
	(2307, 'File 2307', 116),
	(2308, 'File 2308', 116),
	(2309, 'File 2309', 116),
	(2310, 'File 2310', 116),
	(2311, 'File 2311', 116),
	(2312, 'File 2312', 116),
	(2313, 'File 2313', 116),
	(2314, 'File 2314', 116),
	(2315, 'File 2315', 116),
	(2316, 'File 2316', 116),
	(2317, 'File 2317', 116),
	(2318, 'File 2318', 116),
	(2319, 'File 2319', 116),
	(2320, 'File 2320', 116),
	(2321, 'File 2321', 117),
	(2322, 'File 2322', 117),
	(2323, 'File 2323', 117),
	(2324, 'File 2324', 117),
	(2325, 'File 2325', 117),
	(2326, 'File 2326', 117),
	(2327, 'File 2327', 117),
	(2328, 'File 2328', 117),
	(2329, 'File 2329', 117),
	(2330, 'File 2330', 117),
	(2331, 'File 2331', 117),
	(2332, 'File 2332', 117),
	(2333, 'File 2333', 117),
	(2334, 'File 2334', 117),
	(2335, 'File 2335', 117),
	(2336, 'File 2336', 117),
	(2337, 'File 2337', 117),
	(2338, 'File 2338', 117),
	(2339, 'File 2339', 117),
	(2340, 'File 2340', 117),
	(2341, 'File 2341', 118),
	(2342, 'File 2342', 118),
	(2343, 'File 2343', 118),
	(2344, 'File 2344', 118),
	(2345, 'File 2345', 118),
	(2346, 'File 2346', 118),
	(2347, 'File 2347', 118),
	(2348, 'File 2348', 118),
	(2349, 'File 2349', 118),
	(2350, 'File 2350', 118),
	(2351, 'File 2351', 118),
	(2352, 'File 2352', 118),
	(2353, 'File 2353', 118),
	(2354, 'File 2354', 118),
	(2355, 'File 2355', 118),
	(2356, 'File 2356', 118),
	(2357, 'File 2357', 118),
	(2358, 'File 2358', 118),
	(2359, 'File 2359', 118),
	(2360, 'File 2360', 118),
	(2361, 'File 2361', 119),
	(2362, 'File 2362', 119),
	(2363, 'File 2363', 119),
	(2364, 'File 2364', 119),
	(2365, 'File 2365', 119),
	(2366, 'File 2366', 119),
	(2367, 'File 2367', 119),
	(2368, 'File 2368', 119),
	(2369, 'File 2369', 119),
	(2370, 'File 2370', 119),
	(2371, 'File 2371', 119),
	(2372, 'File 2372', 119),
	(2373, 'File 2373', 119),
	(2374, 'File 2374', 119),
	(2375, 'File 2375', 119),
	(2376, 'File 2376', 119),
	(2377, 'File 2377', 119),
	(2378, 'File 2378', 119),
	(2379, 'File 2379', 119),
	(2380, 'File 2380', 119),
	(2381, 'File 2381', 120),
	(2382, 'File 2382', 120),
	(2383, 'File 2383', 120),
	(2384, 'File 2384', 120),
	(2385, 'File 2385', 120),
	(2386, 'File 2386', 120),
	(2387, 'File 2387', 120),
	(2388, 'File 2388', 120),
	(2389, 'File 2389', 120),
	(2390, 'File 2390', 120),
	(2391, 'File 2391', 120),
	(2392, 'File 2392', 120),
	(2393, 'File 2393', 120),
	(2394, 'File 2394', 120),
	(2395, 'File 2395', 120),
	(2396, 'File 2396', 120),
	(2397, 'File 2397', 120),
	(2398, 'File 2398', 120),
	(2399, 'File 2399', 120),
	(2400, 'File 2400', 120),
	(2401, 'File 2401', 121),
	(2402, 'File 2402', 121),
	(2403, 'File 2403', 121),
	(2404, 'File 2404', 121),
	(2405, 'File 2405', 121),
	(2406, 'File 2406', 121),
	(2407, 'File 2407', 121),
	(2408, 'File 2408', 121),
	(2409, 'File 2409', 121),
	(2410, 'File 2410', 121),
	(2411, 'File 2411', 121),
	(2412, 'File 2412', 121),
	(2413, 'File 2413', 121),
	(2414, 'File 2414', 121),
	(2415, 'File 2415', 121),
	(2416, 'File 2416', 121),
	(2417, 'File 2417', 121),
	(2418, 'File 2418', 121),
	(2419, 'File 2419', 121),
	(2420, 'File 2420', 121),
	(2421, 'File 2421', 122),
	(2422, 'File 2422', 122),
	(2423, 'File 2423', 122),
	(2424, 'File 2424', 122),
	(2425, 'File 2425', 122),
	(2426, 'File 2426', 122),
	(2427, 'File 2427', 122),
	(2428, 'File 2428', 122),
	(2429, 'File 2429', 122),
	(2430, 'File 2430', 122),
	(2431, 'File 2431', 122),
	(2432, 'File 2432', 122),
	(2433, 'File 2433', 122),
	(2434, 'File 2434', 122),
	(2435, 'File 2435', 122),
	(2436, 'File 2436', 122),
	(2437, 'File 2437', 122),
	(2438, 'File 2438', 122),
	(2439, 'File 2439', 122),
	(2440, 'File 2440', 122),
	(2441, 'File 2441', 123),
	(2442, 'File 2442', 123),
	(2443, 'File 2443', 123),
	(2444, 'File 2444', 123),
	(2445, 'File 2445', 123),
	(2446, 'File 2446', 123),
	(2447, 'File 2447', 123),
	(2448, 'File 2448', 123),
	(2449, 'File 2449', 123),
	(2450, 'File 2450', 123),
	(2451, 'File 2451', 123),
	(2452, 'File 2452', 123),
	(2453, 'File 2453', 123),
	(2454, 'File 2454', 123),
	(2455, 'File 2455', 123),
	(2456, 'File 2456', 123),
	(2457, 'File 2457', 123),
	(2458, 'File 2458', 123),
	(2459, 'File 2459', 123),
	(2460, 'File 2460', 123),
	(2461, 'File 2461', 124),
	(2462, 'File 2462', 124),
	(2463, 'File 2463', 124),
	(2464, 'File 2464', 124),
	(2465, 'File 2465', 124),
	(2466, 'File 2466', 124),
	(2467, 'File 2467', 124),
	(2468, 'File 2468', 124),
	(2469, 'File 2469', 124),
	(2470, 'File 2470', 124),
	(2471, 'File 2471', 124),
	(2472, 'File 2472', 124),
	(2473, 'File 2473', 124),
	(2474, 'File 2474', 124),
	(2475, 'File 2475', 124),
	(2476, 'File 2476', 124),
	(2477, 'File 2477', 124),
	(2478, 'File 2478', 124),
	(2479, 'File 2479', 124),
	(2480, 'File 2480', 124),
	(2481, 'File 2481', 125),
	(2482, 'File 2482', 125),
	(2483, 'File 2483', 125),
	(2484, 'File 2484', 125),
	(2485, 'File 2485', 125),
	(2486, 'File 2486', 125),
	(2487, 'File 2487', 125),
	(2488, 'File 2488', 125),
	(2489, 'File 2489', 125),
	(2490, 'File 2490', 125),
	(2491, 'File 2491', 125),
	(2492, 'File 2492', 125),
	(2493, 'File 2493', 125),
	(2494, 'File 2494', 125),
	(2495, 'File 2495', 125),
	(2496, 'File 2496', 125),
	(2497, 'File 2497', 125),
	(2498, 'File 2498', 125),
	(2499, 'File 2499', 125),
	(2500, 'File 2500', 125),
	(2501, 'File 2501', 126),
	(2502, 'File 2502', 126),
	(2503, 'File 2503', 126),
	(2504, 'File 2504', 126),
	(2505, 'File 2505', 126),
	(2506, 'File 2506', 126),
	(2507, 'File 2507', 126),
	(2508, 'File 2508', 126),
	(2509, 'File 2509', 126),
	(2510, 'File 2510', 126),
	(2511, 'File 2511', 126),
	(2512, 'File 2512', 126),
	(2513, 'File 2513', 126),
	(2514, 'File 2514', 126),
	(2515, 'File 2515', 126),
	(2516, 'File 2516', 126),
	(2517, 'File 2517', 126),
	(2518, 'File 2518', 126),
	(2519, 'File 2519', 126),
	(2520, 'File 2520', 126),
	(2521, 'File 2521', 127),
	(2522, 'File 2522', 127),
	(2523, 'File 2523', 127),
	(2524, 'File 2524', 127),
	(2525, 'File 2525', 127),
	(2526, 'File 2526', 127),
	(2527, 'File 2527', 127),
	(2528, 'File 2528', 127),
	(2529, 'File 2529', 127),
	(2530, 'File 2530', 127),
	(2531, 'File 2531', 127),
	(2532, 'File 2532', 127),
	(2533, 'File 2533', 127),
	(2534, 'File 2534', 127),
	(2535, 'File 2535', 127),
	(2536, 'File 2536', 127),
	(2537, 'File 2537', 127),
	(2538, 'File 2538', 127),
	(2539, 'File 2539', 127),
	(2540, 'File 2540', 127),
	(2541, 'File 2541', 128),
	(2542, 'File 2542', 128),
	(2543, 'File 2543', 128),
	(2544, 'File 2544', 128),
	(2545, 'File 2545', 128),
	(2546, 'File 2546', 128),
	(2547, 'File 2547', 128),
	(2548, 'File 2548', 128),
	(2549, 'File 2549', 128),
	(2550, 'File 2550', 128),
	(2551, 'File 2551', 128),
	(2552, 'File 2552', 128),
	(2553, 'File 2553', 128),
	(2554, 'File 2554', 128),
	(2555, 'File 2555', 128),
	(2556, 'File 2556', 128),
	(2557, 'File 2557', 128),
	(2558, 'File 2558', 128),
	(2559, 'File 2559', 128),
	(2560, 'File 2560', 128),
	(2561, 'File 2561', 129),
	(2562, 'File 2562', 129),
	(2563, 'File 2563', 129),
	(2564, 'File 2564', 129),
	(2565, 'File 2565', 129),
	(2566, 'File 2566', 129),
	(2567, 'File 2567', 129),
	(2568, 'File 2568', 129),
	(2569, 'File 2569', 129),
	(2570, 'File 2570', 129),
	(2571, 'File 2571', 129),
	(2572, 'File 2572', 129),
	(2573, 'File 2573', 129),
	(2574, 'File 2574', 129),
	(2575, 'File 2575', 129),
	(2576, 'File 2576', 129),
	(2577, 'File 2577', 129),
	(2578, 'File 2578', 129),
	(2579, 'File 2579', 129),
	(2580, 'File 2580', 129),
	(2581, 'File 2581', 130),
	(2582, 'File 2582', 130),
	(2583, 'File 2583', 130),
	(2584, 'File 2584', 130),
	(2585, 'File 2585', 130),
	(2586, 'File 2586', 130),
	(2587, 'File 2587', 130),
	(2588, 'File 2588', 130),
	(2589, 'File 2589', 130),
	(2590, 'File 2590', 130),
	(2591, 'File 2591', 130),
	(2592, 'File 2592', 130),
	(2593, 'File 2593', 130),
	(2594, 'File 2594', 130),
	(2595, 'File 2595', 130),
	(2596, 'File 2596', 130),
	(2597, 'File 2597', 130),
	(2598, 'File 2598', 130),
	(2599, 'File 2599', 130),
	(2600, 'File 2600', 130),
	(2601, 'File 2601', 131),
	(2602, 'File 2602', 131),
	(2603, 'File 2603', 131),
	(2604, 'File 2604', 131),
	(2605, 'File 2605', 131),
	(2606, 'File 2606', 131),
	(2607, 'File 2607', 131),
	(2608, 'File 2608', 131),
	(2609, 'File 2609', 131),
	(2610, 'File 2610', 131),
	(2611, 'File 2611', 131),
	(2612, 'File 2612', 131),
	(2613, 'File 2613', 131),
	(2614, 'File 2614', 131),
	(2615, 'File 2615', 131),
	(2616, 'File 2616', 131),
	(2617, 'File 2617', 131),
	(2618, 'File 2618', 131),
	(2619, 'File 2619', 131),
	(2620, 'File 2620', 131),
	(2621, 'File 2621', 132),
	(2622, 'File 2622', 132),
	(2623, 'File 2623', 132),
	(2624, 'File 2624', 132),
	(2625, 'File 2625', 132),
	(2626, 'File 2626', 132),
	(2627, 'File 2627', 132),
	(2628, 'File 2628', 132),
	(2629, 'File 2629', 132),
	(2630, 'File 2630', 132),
	(2631, 'File 2631', 132),
	(2632, 'File 2632', 132),
	(2633, 'File 2633', 132),
	(2634, 'File 2634', 132),
	(2635, 'File 2635', 132),
	(2636, 'File 2636', 132),
	(2637, 'File 2637', 132),
	(2638, 'File 2638', 132),
	(2639, 'File 2639', 132),
	(2640, 'File 2640', 132),
	(2641, 'File 2641', 133),
	(2642, 'File 2642', 133),
	(2643, 'File 2643', 133),
	(2644, 'File 2644', 133),
	(2645, 'File 2645', 133),
	(2646, 'File 2646', 133),
	(2647, 'File 2647', 133),
	(2648, 'File 2648', 133),
	(2649, 'File 2649', 133),
	(2650, 'File 2650', 133),
	(2651, 'File 2651', 133),
	(2652, 'File 2652', 133),
	(2653, 'File 2653', 133),
	(2654, 'File 2654', 133),
	(2655, 'File 2655', 133),
	(2656, 'File 2656', 133),
	(2657, 'File 2657', 133),
	(2658, 'File 2658', 133),
	(2659, 'File 2659', 133),
	(2660, 'File 2660', 133),
	(2661, 'File 2661', 134),
	(2662, 'File 2662', 134),
	(2663, 'File 2663', 134),
	(2664, 'File 2664', 134),
	(2665, 'File 2665', 134),
	(2666, 'File 2666', 134),
	(2667, 'File 2667', 134),
	(2668, 'File 2668', 134),
	(2669, 'File 2669', 134),
	(2670, 'File 2670', 134),
	(2671, 'File 2671', 134),
	(2672, 'File 2672', 134),
	(2673, 'File 2673', 134),
	(2674, 'File 2674', 134),
	(2675, 'File 2675', 134),
	(2676, 'File 2676', 134),
	(2677, 'File 2677', 134),
	(2678, 'File 2678', 134),
	(2679, 'File 2679', 134),
	(2680, 'File 2680', 134),
	(2681, 'File 2681', 135),
	(2682, 'File 2682', 135),
	(2683, 'File 2683', 135),
	(2684, 'File 2684', 135),
	(2685, 'File 2685', 135),
	(2686, 'File 2686', 135),
	(2687, 'File 2687', 135),
	(2688, 'File 2688', 135),
	(2689, 'File 2689', 135),
	(2690, 'File 2690', 135),
	(2691, 'File 2691', 135),
	(2692, 'File 2692', 135),
	(2693, 'File 2693', 135),
	(2694, 'File 2694', 135),
	(2695, 'File 2695', 135),
	(2696, 'File 2696', 135),
	(2697, 'File 2697', 135),
	(2698, 'File 2698', 135),
	(2699, 'File 2699', 135),
	(2700, 'File 2700', 135),
	(2701, 'File 2701', 136),
	(2702, 'File 2702', 136),
	(2703, 'File 2703', 136),
	(2704, 'File 2704', 136),
	(2705, 'File 2705', 136),
	(2706, 'File 2706', 136),
	(2707, 'File 2707', 136),
	(2708, 'File 2708', 136),
	(2709, 'File 2709', 136),
	(2710, 'File 2710', 136),
	(2711, 'File 2711', 136),
	(2712, 'File 2712', 136),
	(2713, 'File 2713', 136),
	(2714, 'File 2714', 136),
	(2715, 'File 2715', 136),
	(2716, 'File 2716', 136),
	(2717, 'File 2717', 136),
	(2718, 'File 2718', 136),
	(2719, 'File 2719', 136),
	(2720, 'File 2720', 136),
	(2721, 'File 2721', 137),
	(2722, 'File 2722', 137),
	(2723, 'File 2723', 137),
	(2724, 'File 2724', 137),
	(2725, 'File 2725', 137),
	(2726, 'File 2726', 137),
	(2727, 'File 2727', 137),
	(2728, 'File 2728', 137),
	(2729, 'File 2729', 137),
	(2730, 'File 2730', 137),
	(2731, 'File 2731', 137),
	(2732, 'File 2732', 137),
	(2733, 'File 2733', 137),
	(2734, 'File 2734', 137),
	(2735, 'File 2735', 137),
	(2736, 'File 2736', 137),
	(2737, 'File 2737', 137),
	(2738, 'File 2738', 137),
	(2739, 'File 2739', 137),
	(2740, 'File 2740', 137),
	(2741, 'File 2741', 138),
	(2742, 'File 2742', 138),
	(2743, 'File 2743', 138),
	(2744, 'File 2744', 138),
	(2745, 'File 2745', 138),
	(2746, 'File 2746', 138),
	(2747, 'File 2747', 138),
	(2748, 'File 2748', 138),
	(2749, 'File 2749', 138),
	(2750, 'File 2750', 138),
	(2751, 'File 2751', 138),
	(2752, 'File 2752', 138),
	(2753, 'File 2753', 138),
	(2754, 'File 2754', 138),
	(2755, 'File 2755', 138),
	(2756, 'File 2756', 138),
	(2757, 'File 2757', 138),
	(2758, 'File 2758', 138),
	(2759, 'File 2759', 138),
	(2760, 'File 2760', 138),
	(2761, 'File 2761', 139),
	(2762, 'File 2762', 139),
	(2763, 'File 2763', 139),
	(2764, 'File 2764', 139),
	(2765, 'File 2765', 139),
	(2766, 'File 2766', 139),
	(2767, 'File 2767', 139),
	(2768, 'File 2768', 139),
	(2769, 'File 2769', 139),
	(2770, 'File 2770', 139),
	(2771, 'File 2771', 139),
	(2772, 'File 2772', 139),
	(2773, 'File 2773', 139),
	(2774, 'File 2774', 139),
	(2775, 'File 2775', 139),
	(2776, 'File 2776', 139),
	(2777, 'File 2777', 139),
	(2778, 'File 2778', 139),
	(2779, 'File 2779', 139),
	(2780, 'File 2780', 139),
	(2781, 'File 2781', 140),
	(2782, 'File 2782', 140),
	(2783, 'File 2783', 140),
	(2784, 'File 2784', 140),
	(2785, 'File 2785', 140),
	(2786, 'File 2786', 140),
	(2787, 'File 2787', 140),
	(2788, 'File 2788', 140),
	(2789, 'File 2789', 140),
	(2790, 'File 2790', 140),
	(2791, 'File 2791', 140),
	(2792, 'File 2792', 140),
	(2793, 'File 2793', 140),
	(2794, 'File 2794', 140),
	(2795, 'File 2795', 140),
	(2796, 'File 2796', 140),
	(2797, 'File 2797', 140),
	(2798, 'File 2798', 140),
	(2799, 'File 2799', 140),
	(2800, 'File 2800', 140),
	(2801, 'File 2801', 141),
	(2802, 'File 2802', 141),
	(2803, 'File 2803', 141),
	(2804, 'File 2804', 141),
	(2805, 'File 2805', 141),
	(2806, 'File 2806', 141),
	(2807, 'File 2807', 141),
	(2808, 'File 2808', 141),
	(2809, 'File 2809', 141),
	(2810, 'File 2810', 141),
	(2811, 'File 2811', 141),
	(2812, 'File 2812', 141),
	(2813, 'File 2813', 141),
	(2814, 'File 2814', 141),
	(2815, 'File 2815', 141),
	(2816, 'File 2816', 141),
	(2817, 'File 2817', 141),
	(2818, 'File 2818', 141),
	(2819, 'File 2819', 141),
	(2820, 'File 2820', 141),
	(2821, 'File 2821', 142),
	(2822, 'File 2822', 142),
	(2823, 'File 2823', 142),
	(2824, 'File 2824', 142),
	(2825, 'File 2825', 142),
	(2826, 'File 2826', 142),
	(2827, 'File 2827', 142),
	(2828, 'File 2828', 142),
	(2829, 'File 2829', 142),
	(2830, 'File 2830', 142),
	(2831, 'File 2831', 142),
	(2832, 'File 2832', 142),
	(2833, 'File 2833', 142),
	(2834, 'File 2834', 142),
	(2835, 'File 2835', 142),
	(2836, 'File 2836', 142),
	(2837, 'File 2837', 142),
	(2838, 'File 2838', 142),
	(2839, 'File 2839', 142),
	(2840, 'File 2840', 142),
	(2841, 'File 2841', 143),
	(2842, 'File 2842', 143),
	(2843, 'File 2843', 143),
	(2844, 'File 2844', 143),
	(2845, 'File 2845', 143),
	(2846, 'File 2846', 143),
	(2847, 'File 2847', 143),
	(2848, 'File 2848', 143),
	(2849, 'File 2849', 143),
	(2850, 'File 2850', 143),
	(2851, 'File 2851', 143),
	(2852, 'File 2852', 143),
	(2853, 'File 2853', 143),
	(2854, 'File 2854', 143),
	(2855, 'File 2855', 143),
	(2856, 'File 2856', 143),
	(2857, 'File 2857', 143),
	(2858, 'File 2858', 143),
	(2859, 'File 2859', 143),
	(2860, 'File 2860', 143),
	(2861, 'File 2861', 144),
	(2862, 'File 2862', 144),
	(2863, 'File 2863', 144),
	(2864, 'File 2864', 144),
	(2865, 'File 2865', 144),
	(2866, 'File 2866', 144),
	(2867, 'File 2867', 144),
	(2868, 'File 2868', 144),
	(2869, 'File 2869', 144),
	(2870, 'File 2870', 144),
	(2871, 'File 2871', 144),
	(2872, 'File 2872', 144),
	(2873, 'File 2873', 144),
	(2874, 'File 2874', 144),
	(2875, 'File 2875', 144),
	(2876, 'File 2876', 144),
	(2877, 'File 2877', 144),
	(2878, 'File 2878', 144),
	(2879, 'File 2879', 144),
	(2880, 'File 2880', 144),
	(2881, 'File 2881', 145),
	(2882, 'File 2882', 145),
	(2883, 'File 2883', 145),
	(2884, 'File 2884', 145),
	(2885, 'File 2885', 145),
	(2886, 'File 2886', 145),
	(2887, 'File 2887', 145),
	(2888, 'File 2888', 145),
	(2889, 'File 2889', 145),
	(2890, 'File 2890', 145),
	(2891, 'File 2891', 145),
	(2892, 'File 2892', 145),
	(2893, 'File 2893', 145),
	(2894, 'File 2894', 145),
	(2895, 'File 2895', 145),
	(2896, 'File 2896', 145),
	(2897, 'File 2897', 145),
	(2898, 'File 2898', 145),
	(2899, 'File 2899', 145),
	(2900, 'File 2900', 145),
	(2901, 'File 2901', 146),
	(2902, 'File 2902', 146),
	(2903, 'File 2903', 146),
	(2904, 'File 2904', 146),
	(2905, 'File 2905', 146),
	(2906, 'File 2906', 146),
	(2907, 'File 2907', 146),
	(2908, 'File 2908', 146),
	(2909, 'File 2909', 146),
	(2910, 'File 2910', 146),
	(2911, 'File 2911', 146),
	(2912, 'File 2912', 146),
	(2913, 'File 2913', 146),
	(2914, 'File 2914', 146),
	(2915, 'File 2915', 146),
	(2916, 'File 2916', 146),
	(2917, 'File 2917', 146),
	(2918, 'File 2918', 146),
	(2919, 'File 2919', 146),
	(2920, 'File 2920', 146),
	(2921, 'File 2921', 147),
	(2922, 'File 2922', 147),
	(2923, 'File 2923', 147),
	(2924, 'File 2924', 147),
	(2925, 'File 2925', 147),
	(2926, 'File 2926', 147),
	(2927, 'File 2927', 147),
	(2928, 'File 2928', 147),
	(2929, 'File 2929', 147),
	(2930, 'File 2930', 147),
	(2931, 'File 2931', 147),
	(2932, 'File 2932', 147),
	(2933, 'File 2933', 147),
	(2934, 'File 2934', 147),
	(2935, 'File 2935', 147),
	(2936, 'File 2936', 147),
	(2937, 'File 2937', 147),
	(2938, 'File 2938', 147),
	(2939, 'File 2939', 147),
	(2940, 'File 2940', 147),
	(2941, 'File 2941', 148),
	(2942, 'File 2942', 148),
	(2943, 'File 2943', 148),
	(2944, 'File 2944', 148),
	(2945, 'File 2945', 148),
	(2946, 'File 2946', 148),
	(2947, 'File 2947', 148),
	(2948, 'File 2948', 148),
	(2949, 'File 2949', 148),
	(2950, 'File 2950', 148),
	(2951, 'File 2951', 148),
	(2952, 'File 2952', 148),
	(2953, 'File 2953', 148),
	(2954, 'File 2954', 148),
	(2955, 'File 2955', 148),
	(2956, 'File 2956', 148),
	(2957, 'File 2957', 148),
	(2958, 'File 2958', 148),
	(2959, 'File 2959', 148),
	(2960, 'File 2960', 148),
	(2961, 'File 2961', 149),
	(2962, 'File 2962', 149),
	(2963, 'File 2963', 149),
	(2964, 'File 2964', 149),
	(2965, 'File 2965', 149),
	(2966, 'File 2966', 149),
	(2967, 'File 2967', 149),
	(2968, 'File 2968', 149),
	(2969, 'File 2969', 149),
	(2970, 'File 2970', 149),
	(2971, 'File 2971', 149),
	(2972, 'File 2972', 149),
	(2973, 'File 2973', 149),
	(2974, 'File 2974', 149),
	(2975, 'File 2975', 149),
	(2976, 'File 2976', 149),
	(2977, 'File 2977', 149),
	(2978, 'File 2978', 149),
	(2979, 'File 2979', 149),
	(2980, 'File 2980', 149),
	(2981, 'File 2981', 150),
	(2982, 'File 2982', 150),
	(2983, 'File 2983', 150),
	(2984, 'File 2984', 150),
	(2985, 'File 2985', 150),
	(2986, 'File 2986', 150),
	(2987, 'File 2987', 150),
	(2988, 'File 2988', 150),
	(2989, 'File 2989', 150),
	(2990, 'File 2990', 150),
	(2991, 'File 2991', 150),
	(2992, 'File 2992', 150),
	(2993, 'File 2993', 150),
	(2994, 'File 2994', 150),
	(2995, 'File 2995', 150),
	(2996, 'File 2996', 150),
	(2997, 'File 2997', 150),
	(2998, 'File 2998', 150),
	(2999, 'File 2999', 150),
	(3000, 'File 3000', 150),
	(3001, 'File 3001', 151),
	(3002, 'File 3002', 151),
	(3003, 'File 3003', 151),
	(3004, 'File 3004', 151),
	(3005, 'File 3005', 151),
	(3006, 'File 3006', 151),
	(3007, 'File 3007', 151),
	(3008, 'File 3008', 151),
	(3009, 'File 3009', 151),
	(3010, 'File 3010', 151),
	(3011, 'File 3011', 151),
	(3012, 'File 3012', 151),
	(3013, 'File 3013', 151),
	(3014, 'File 3014', 151),
	(3015, 'File 3015', 151),
	(3016, 'File 3016', 151),
	(3017, 'File 3017', 151),
	(3018, 'File 3018', 151),
	(3019, 'File 3019', 151),
	(3020, 'File 3020', 151),
	(3021, 'File 3021', 152),
	(3022, 'File 3022', 152),
	(3023, 'File 3023', 152),
	(3024, 'File 3024', 152),
	(3025, 'File 3025', 152),
	(3026, 'File 3026', 152),
	(3027, 'File 3027', 152),
	(3028, 'File 3028', 152),
	(3029, 'File 3029', 152),
	(3030, 'File 3030', 152),
	(3031, 'File 3031', 152),
	(3032, 'File 3032', 152),
	(3033, 'File 3033', 152),
	(3034, 'File 3034', 152),
	(3035, 'File 3035', 152),
	(3036, 'File 3036', 152),
	(3037, 'File 3037', 152),
	(3038, 'File 3038', 152),
	(3039, 'File 3039', 152),
	(3040, 'File 3040', 152),
	(3041, 'File 3041', 153),
	(3042, 'File 3042', 153),
	(3043, 'File 3043', 153),
	(3044, 'File 3044', 153),
	(3045, 'File 3045', 153),
	(3046, 'File 3046', 153),
	(3047, 'File 3047', 153),
	(3048, 'File 3048', 153),
	(3049, 'File 3049', 153),
	(3050, 'File 3050', 153),
	(3051, 'File 3051', 153),
	(3052, 'File 3052', 153),
	(3053, 'File 3053', 153),
	(3054, 'File 3054', 153),
	(3055, 'File 3055', 153),
	(3056, 'File 3056', 153),
	(3057, 'File 3057', 153),
	(3058, 'File 3058', 153),
	(3059, 'File 3059', 153),
	(3060, 'File 3060', 153),
	(3061, 'File 3061', 154),
	(3062, 'File 3062', 154),
	(3063, 'File 3063', 154),
	(3064, 'File 3064', 154),
	(3065, 'File 3065', 154),
	(3066, 'File 3066', 154),
	(3067, 'File 3067', 154),
	(3068, 'File 3068', 154),
	(3069, 'File 3069', 154),
	(3070, 'File 3070', 154),
	(3071, 'File 3071', 154),
	(3072, 'File 3072', 154),
	(3073, 'File 3073', 154),
	(3074, 'File 3074', 154),
	(3075, 'File 3075', 154),
	(3076, 'File 3076', 154),
	(3077, 'File 3077', 154),
	(3078, 'File 3078', 154),
	(3079, 'File 3079', 154),
	(3080, 'File 3080', 154),
	(3081, 'File 3081', 155),
	(3082, 'File 3082', 155),
	(3083, 'File 3083', 155),
	(3084, 'File 3084', 155),
	(3085, 'File 3085', 155),
	(3086, 'File 3086', 155),
	(3087, 'File 3087', 155),
	(3088, 'File 3088', 155),
	(3089, 'File 3089', 155),
	(3090, 'File 3090', 155),
	(3091, 'File 3091', 155),
	(3092, 'File 3092', 155),
	(3093, 'File 3093', 155),
	(3094, 'File 3094', 155),
	(3095, 'File 3095', 155),
	(3096, 'File 3096', 155),
	(3097, 'File 3097', 155),
	(3098, 'File 3098', 155),
	(3099, 'File 3099', 155),
	(3100, 'File 3100', 155),
	(3101, 'File 3101', 156),
	(3102, 'File 3102', 156),
	(3103, 'File 3103', 156),
	(3104, 'File 3104', 156),
	(3105, 'File 3105', 156),
	(3106, 'File 3106', 156),
	(3107, 'File 3107', 156),
	(3108, 'File 3108', 156),
	(3109, 'File 3109', 156),
	(3110, 'File 3110', 156),
	(3111, 'File 3111', 156),
	(3112, 'File 3112', 156),
	(3113, 'File 3113', 156),
	(3114, 'File 3114', 156),
	(3115, 'File 3115', 156),
	(3116, 'File 3116', 156),
	(3117, 'File 3117', 156),
	(3118, 'File 3118', 156),
	(3119, 'File 3119', 156),
	(3120, 'File 3120', 156),
	(3121, 'File 3121', 157),
	(3122, 'File 3122', 157),
	(3123, 'File 3123', 157),
	(3124, 'File 3124', 157),
	(3125, 'File 3125', 157),
	(3126, 'File 3126', 157),
	(3127, 'File 3127', 157),
	(3128, 'File 3128', 157),
	(3129, 'File 3129', 157),
	(3130, 'File 3130', 157),
	(3131, 'File 3131', 157),
	(3132, 'File 3132', 157),
	(3133, 'File 3133', 157),
	(3134, 'File 3134', 157),
	(3135, 'File 3135', 157),
	(3136, 'File 3136', 157),
	(3137, 'File 3137', 157),
	(3138, 'File 3138', 157),
	(3139, 'File 3139', 157),
	(3140, 'File 3140', 157),
	(3141, 'File 3141', 158),
	(3142, 'File 3142', 158),
	(3143, 'File 3143', 158),
	(3144, 'File 3144', 158),
	(3145, 'File 3145', 158),
	(3146, 'File 3146', 158),
	(3147, 'File 3147', 158),
	(3148, 'File 3148', 158),
	(3149, 'File 3149', 158),
	(3150, 'File 3150', 158),
	(3151, 'File 3151', 158),
	(3152, 'File 3152', 158),
	(3153, 'File 3153', 158),
	(3154, 'File 3154', 158),
	(3155, 'File 3155', 158),
	(3156, 'File 3156', 158),
	(3157, 'File 3157', 158),
	(3158, 'File 3158', 158),
	(3159, 'File 3159', 158),
	(3160, 'File 3160', 158),
	(3161, 'File 3161', 159),
	(3162, 'File 3162', 159),
	(3163, 'File 3163', 159),
	(3164, 'File 3164', 159),
	(3165, 'File 3165', 159),
	(3166, 'File 3166', 159),
	(3167, 'File 3167', 159),
	(3168, 'File 3168', 159),
	(3169, 'File 3169', 159),
	(3170, 'File 3170', 159),
	(3171, 'File 3171', 159),
	(3172, 'File 3172', 159),
	(3173, 'File 3173', 159),
	(3174, 'File 3174', 159),
	(3175, 'File 3175', 159),
	(3176, 'File 3176', 159),
	(3177, 'File 3177', 159),
	(3178, 'File 3178', 159),
	(3179, 'File 3179', 159),
	(3180, 'File 3180', 159),
	(3181, 'File 3181', 160),
	(3182, 'File 3182', 160),
	(3183, 'File 3183', 160),
	(3184, 'File 3184', 160),
	(3185, 'File 3185', 160),
	(3186, 'File 3186', 160),
	(3187, 'File 3187', 160),
	(3188, 'File 3188', 160),
	(3189, 'File 3189', 160),
	(3190, 'File 3190', 160),
	(3191, 'File 3191', 160),
	(3192, 'File 3192', 160),
	(3193, 'File 3193', 160),
	(3194, 'File 3194', 160),
	(3195, 'File 3195', 160),
	(3196, 'File 3196', 160),
	(3197, 'File 3197', 160),
	(3198, 'File 3198', 160),
	(3199, 'File 3199', 160),
	(3200, 'File 3200', 160),
	(3201, 'File 3201', 161),
	(3202, 'File 3202', 161),
	(3203, 'File 3203', 161),
	(3204, 'File 3204', 161),
	(3205, 'File 3205', 161),
	(3206, 'File 3206', 161),
	(3207, 'File 3207', 161),
	(3208, 'File 3208', 161),
	(3209, 'File 3209', 161),
	(3210, 'File 3210', 161),
	(3211, 'File 3211', 161),
	(3212, 'File 3212', 161),
	(3213, 'File 3213', 161),
	(3214, 'File 3214', 161),
	(3215, 'File 3215', 161),
	(3216, 'File 3216', 161),
	(3217, 'File 3217', 161),
	(3218, 'File 3218', 161),
	(3219, 'File 3219', 161),
	(3220, 'File 3220', 161),
	(3221, 'File 3221', 162),
	(3222, 'File 3222', 162),
	(3223, 'File 3223', 162),
	(3224, 'File 3224', 162),
	(3225, 'File 3225', 162),
	(3226, 'File 3226', 162),
	(3227, 'File 3227', 162),
	(3228, 'File 3228', 162),
	(3229, 'File 3229', 162),
	(3230, 'File 3230', 162),
	(3231, 'File 3231', 162),
	(3232, 'File 3232', 162),
	(3233, 'File 3233', 162),
	(3234, 'File 3234', 162),
	(3235, 'File 3235', 162),
	(3236, 'File 3236', 162),
	(3237, 'File 3237', 162),
	(3238, 'File 3238', 162),
	(3239, 'File 3239', 162),
	(3240, 'File 3240', 162),
	(3241, 'File 3241', 163),
	(3242, 'File 3242', 163),
	(3243, 'File 3243', 163),
	(3244, 'File 3244', 163),
	(3245, 'File 3245', 163),
	(3246, 'File 3246', 163),
	(3247, 'File 3247', 163),
	(3248, 'File 3248', 163),
	(3249, 'File 3249', 163),
	(3250, 'File 3250', 163),
	(3251, 'File 3251', 163),
	(3252, 'File 3252', 163),
	(3253, 'File 3253', 163),
	(3254, 'File 3254', 163),
	(3255, 'File 3255', 163),
	(3256, 'File 3256', 163),
	(3257, 'File 3257', 163),
	(3258, 'File 3258', 163),
	(3259, 'File 3259', 163),
	(3260, 'File 3260', 163),
	(3261, 'File 3261', 164),
	(3262, 'File 3262', 164),
	(3263, 'File 3263', 164),
	(3264, 'File 3264', 164),
	(3265, 'File 3265', 164),
	(3266, 'File 3266', 164),
	(3267, 'File 3267', 164),
	(3268, 'File 3268', 164),
	(3269, 'File 3269', 164),
	(3270, 'File 3270', 164),
	(3271, 'File 3271', 164),
	(3272, 'File 3272', 164),
	(3273, 'File 3273', 164),
	(3274, 'File 3274', 164),
	(3275, 'File 3275', 164),
	(3276, 'File 3276', 164),
	(3277, 'File 3277', 164),
	(3278, 'File 3278', 164),
	(3279, 'File 3279', 164),
	(3280, 'File 3280', 164),
	(3281, 'File 3281', 165),
	(3282, 'File 3282', 165),
	(3283, 'File 3283', 165),
	(3284, 'File 3284', 165),
	(3285, 'File 3285', 165),
	(3286, 'File 3286', 165),
	(3287, 'File 3287', 165),
	(3288, 'File 3288', 165),
	(3289, 'File 3289', 165),
	(3290, 'File 3290', 165),
	(3291, 'File 3291', 165),
	(3292, 'File 3292', 165),
	(3293, 'File 3293', 165),
	(3294, 'File 3294', 165),
	(3295, 'File 3295', 165),
	(3296, 'File 3296', 165),
	(3297, 'File 3297', 165),
	(3298, 'File 3298', 165),
	(3299, 'File 3299', 165),
	(3300, 'File 3300', 165),
	(3301, 'File 3301', 166),
	(3302, 'File 3302', 166),
	(3303, 'File 3303', 166),
	(3304, 'File 3304', 166),
	(3305, 'File 3305', 166),
	(3306, 'File 3306', 166),
	(3307, 'File 3307', 166),
	(3308, 'File 3308', 166),
	(3309, 'File 3309', 166),
	(3310, 'File 3310', 166),
	(3311, 'File 3311', 166),
	(3312, 'File 3312', 166),
	(3313, 'File 3313', 166),
	(3314, 'File 3314', 166),
	(3315, 'File 3315', 166),
	(3316, 'File 3316', 166),
	(3317, 'File 3317', 166),
	(3318, 'File 3318', 166),
	(3319, 'File 3319', 166),
	(3320, 'File 3320', 166),
	(3321, 'File 3321', 167),
	(3322, 'File 3322', 167),
	(3323, 'File 3323', 167),
	(3324, 'File 3324', 167),
	(3325, 'File 3325', 167),
	(3326, 'File 3326', 167),
	(3327, 'File 3327', 167),
	(3328, 'File 3328', 167),
	(3329, 'File 3329', 167),
	(3330, 'File 3330', 167),
	(3331, 'File 3331', 167),
	(3332, 'File 3332', 167),
	(3333, 'File 3333', 167),
	(3334, 'File 3334', 167),
	(3335, 'File 3335', 167),
	(3336, 'File 3336', 167),
	(3337, 'File 3337', 167),
	(3338, 'File 3338', 167),
	(3339, 'File 3339', 167),
	(3340, 'File 3340', 167),
	(3341, 'File 3341', 168),
	(3342, 'File 3342', 168),
	(3343, 'File 3343', 168),
	(3344, 'File 3344', 168),
	(3345, 'File 3345', 168),
	(3346, 'File 3346', 168),
	(3347, 'File 3347', 168),
	(3348, 'File 3348', 168),
	(3349, 'File 3349', 168),
	(3350, 'File 3350', 168),
	(3351, 'File 3351', 168),
	(3352, 'File 3352', 168),
	(3353, 'File 3353', 168),
	(3354, 'File 3354', 168),
	(3355, 'File 3355', 168),
	(3356, 'File 3356', 168),
	(3357, 'File 3357', 168),
	(3358, 'File 3358', 168),
	(3359, 'File 3359', 168),
	(3360, 'File 3360', 168),
	(3361, 'File 3361', 169),
	(3362, 'File 3362', 169),
	(3363, 'File 3363', 169),
	(3364, 'File 3364', 169),
	(3365, 'File 3365', 169),
	(3366, 'File 3366', 169),
	(3367, 'File 3367', 169),
	(3368, 'File 3368', 169),
	(3369, 'File 3369', 169),
	(3370, 'File 3370', 169),
	(3371, 'File 3371', 169),
	(3372, 'File 3372', 169),
	(3373, 'File 3373', 169),
	(3374, 'File 3374', 169),
	(3375, 'File 3375', 169),
	(3376, 'File 3376', 169),
	(3377, 'File 3377', 169),
	(3378, 'File 3378', 169),
	(3379, 'File 3379', 169),
	(3380, 'File 3380', 169),
	(3381, 'File 3381', 170),
	(3382, 'File 3382', 170),
	(3383, 'File 3383', 170),
	(3384, 'File 3384', 170),
	(3385, 'File 3385', 170),
	(3386, 'File 3386', 170),
	(3387, 'File 3387', 170),
	(3388, 'File 3388', 170),
	(3389, 'File 3389', 170),
	(3390, 'File 3390', 170),
	(3391, 'File 3391', 170),
	(3392, 'File 3392', 170),
	(3393, 'File 3393', 170),
	(3394, 'File 3394', 170),
	(3395, 'File 3395', 170),
	(3396, 'File 3396', 170),
	(3397, 'File 3397', 170),
	(3398, 'File 3398', 170),
	(3399, 'File 3399', 170),
	(3400, 'File 3400', 170),
	(3401, 'File 3401', 171),
	(3402, 'File 3402', 171),
	(3403, 'File 3403', 171),
	(3404, 'File 3404', 171),
	(3405, 'File 3405', 171),
	(3406, 'File 3406', 171),
	(3407, 'File 3407', 171),
	(3408, 'File 3408', 171),
	(3409, 'File 3409', 171),
	(3410, 'File 3410', 171),
	(3411, 'File 3411', 171),
	(3412, 'File 3412', 171),
	(3413, 'File 3413', 171),
	(3414, 'File 3414', 171),
	(3415, 'File 3415', 171),
	(3416, 'File 3416', 171),
	(3417, 'File 3417', 171),
	(3418, 'File 3418', 171),
	(3419, 'File 3419', 171),
	(3420, 'File 3420', 171),
	(3421, 'File 3421', 172),
	(3422, 'File 3422', 172),
	(3423, 'File 3423', 172),
	(3424, 'File 3424', 172),
	(3425, 'File 3425', 172),
	(3426, 'File 3426', 172),
	(3427, 'File 3427', 172),
	(3428, 'File 3428', 172),
	(3429, 'File 3429', 172),
	(3430, 'File 3430', 172),
	(3431, 'File 3431', 172),
	(3432, 'File 3432', 172),
	(3433, 'File 3433', 172),
	(3434, 'File 3434', 172),
	(3435, 'File 3435', 172),
	(3436, 'File 3436', 172),
	(3437, 'File 3437', 172),
	(3438, 'File 3438', 172),
	(3439, 'File 3439', 172),
	(3440, 'File 3440', 172),
	(3441, 'File 3441', 173),
	(3442, 'File 3442', 173),
	(3443, 'File 3443', 173),
	(3444, 'File 3444', 173),
	(3445, 'File 3445', 173),
	(3446, 'File 3446', 173),
	(3447, 'File 3447', 173),
	(3448, 'File 3448', 173),
	(3449, 'File 3449', 173),
	(3450, 'File 3450', 173),
	(3451, 'File 3451', 173),
	(3452, 'File 3452', 173),
	(3453, 'File 3453', 173),
	(3454, 'File 3454', 173),
	(3455, 'File 3455', 173),
	(3456, 'File 3456', 173),
	(3457, 'File 3457', 173),
	(3458, 'File 3458', 173),
	(3459, 'File 3459', 173),
	(3460, 'File 3460', 173),
	(3461, 'File 3461', 174),
	(3462, 'File 3462', 174),
	(3463, 'File 3463', 174),
	(3464, 'File 3464', 174),
	(3465, 'File 3465', 174),
	(3466, 'File 3466', 174),
	(3467, 'File 3467', 174),
	(3468, 'File 3468', 174),
	(3469, 'File 3469', 174),
	(3470, 'File 3470', 174),
	(3471, 'File 3471', 174),
	(3472, 'File 3472', 174),
	(3473, 'File 3473', 174),
	(3474, 'File 3474', 174),
	(3475, 'File 3475', 174),
	(3476, 'File 3476', 174),
	(3477, 'File 3477', 174),
	(3478, 'File 3478', 174),
	(3479, 'File 3479', 174),
	(3480, 'File 3480', 174),
	(3481, 'File 3481', 175),
	(3482, 'File 3482', 175),
	(3483, 'File 3483', 175),
	(3484, 'File 3484', 175),
	(3485, 'File 3485', 175),
	(3486, 'File 3486', 175),
	(3487, 'File 3487', 175),
	(3488, 'File 3488', 175),
	(3489, 'File 3489', 175),
	(3490, 'File 3490', 175),
	(3491, 'File 3491', 175),
	(3492, 'File 3492', 175),
	(3493, 'File 3493', 175),
	(3494, 'File 3494', 175),
	(3495, 'File 3495', 175),
	(3496, 'File 3496', 175),
	(3497, 'File 3497', 175),
	(3498, 'File 3498', 175),
	(3499, 'File 3499', 175),
	(3500, 'File 3500', 175),
	(3501, 'File 3501', 176),
	(3502, 'File 3502', 176),
	(3503, 'File 3503', 176),
	(3504, 'File 3504', 176),
	(3505, 'File 3505', 176),
	(3506, 'File 3506', 176),
	(3507, 'File 3507', 176),
	(3508, 'File 3508', 176),
	(3509, 'File 3509', 176),
	(3510, 'File 3510', 176),
	(3511, 'File 3511', 176),
	(3512, 'File 3512', 176),
	(3513, 'File 3513', 176),
	(3514, 'File 3514', 176),
	(3515, 'File 3515', 176),
	(3516, 'File 3516', 176),
	(3517, 'File 3517', 176),
	(3518, 'File 3518', 176),
	(3519, 'File 3519', 176),
	(3520, 'File 3520', 176),
	(3521, 'File 3521', 177),
	(3522, 'File 3522', 177),
	(3523, 'File 3523', 177),
	(3524, 'File 3524', 177),
	(3525, 'File 3525', 177),
	(3526, 'File 3526', 177),
	(3527, 'File 3527', 177),
	(3528, 'File 3528', 177),
	(3529, 'File 3529', 177),
	(3530, 'File 3530', 177),
	(3531, 'File 3531', 177),
	(3532, 'File 3532', 177),
	(3533, 'File 3533', 177),
	(3534, 'File 3534', 177),
	(3535, 'File 3535', 177),
	(3536, 'File 3536', 177),
	(3537, 'File 3537', 177),
	(3538, 'File 3538', 177),
	(3539, 'File 3539', 177),
	(3540, 'File 3540', 177),
	(3541, 'File 3541', 178),
	(3542, 'File 3542', 178),
	(3543, 'File 3543', 178),
	(3544, 'File 3544', 178),
	(3545, 'File 3545', 178),
	(3546, 'File 3546', 178),
	(3547, 'File 3547', 178),
	(3548, 'File 3548', 178),
	(3549, 'File 3549', 178),
	(3550, 'File 3550', 178),
	(3551, 'File 3551', 178),
	(3552, 'File 3552', 178),
	(3553, 'File 3553', 178),
	(3554, 'File 3554', 178),
	(3555, 'File 3555', 178),
	(3556, 'File 3556', 178),
	(3557, 'File 3557', 178),
	(3558, 'File 3558', 178),
	(3559, 'File 3559', 178),
	(3560, 'File 3560', 178),
	(3561, 'File 3561', 179),
	(3562, 'File 3562', 179),
	(3563, 'File 3563', 179),
	(3564, 'File 3564', 179),
	(3565, 'File 3565', 179),
	(3566, 'File 3566', 179),
	(3567, 'File 3567', 179),
	(3568, 'File 3568', 179),
	(3569, 'File 3569', 179),
	(3570, 'File 3570', 179),
	(3571, 'File 3571', 179),
	(3572, 'File 3572', 179),
	(3573, 'File 3573', 179),
	(3574, 'File 3574', 179),
	(3575, 'File 3575', 179),
	(3576, 'File 3576', 179),
	(3577, 'File 3577', 179),
	(3578, 'File 3578', 179),
	(3579, 'File 3579', 179),
	(3580, 'File 3580', 179),
	(3581, 'File 3581', 180),
	(3582, 'File 3582', 180),
	(3583, 'File 3583', 180),
	(3584, 'File 3584', 180),
	(3585, 'File 3585', 180),
	(3586, 'File 3586', 180),
	(3587, 'File 3587', 180),
	(3588, 'File 3588', 180),
	(3589, 'File 3589', 180),
	(3590, 'File 3590', 180),
	(3591, 'File 3591', 180),
	(3592, 'File 3592', 180),
	(3593, 'File 3593', 180),
	(3594, 'File 3594', 180),
	(3595, 'File 3595', 180),
	(3596, 'File 3596', 180),
	(3597, 'File 3597', 180),
	(3598, 'File 3598', 180),
	(3599, 'File 3599', 180),
	(3600, 'File 3600', 180),
	(3601, 'File 3601', 181),
	(3602, 'File 3602', 181),
	(3603, 'File 3603', 181),
	(3604, 'File 3604', 181),
	(3605, 'File 3605', 181),
	(3606, 'File 3606', 181),
	(3607, 'File 3607', 181),
	(3608, 'File 3608', 181),
	(3609, 'File 3609', 181),
	(3610, 'File 3610', 181),
	(3611, 'File 3611', 181),
	(3612, 'File 3612', 181),
	(3613, 'File 3613', 181),
	(3614, 'File 3614', 181),
	(3615, 'File 3615', 181),
	(3616, 'File 3616', 181),
	(3617, 'File 3617', 181),
	(3618, 'File 3618', 181),
	(3619, 'File 3619', 181),
	(3620, 'File 3620', 181),
	(3621, 'File 3621', 182),
	(3622, 'File 3622', 182),
	(3623, 'File 3623', 182),
	(3624, 'File 3624', 182),
	(3625, 'File 3625', 182),
	(3626, 'File 3626', 182),
	(3627, 'File 3627', 182),
	(3628, 'File 3628', 182),
	(3629, 'File 3629', 182),
	(3630, 'File 3630', 182),
	(3631, 'File 3631', 182),
	(3632, 'File 3632', 182),
	(3633, 'File 3633', 182),
	(3634, 'File 3634', 182),
	(3635, 'File 3635', 182),
	(3636, 'File 3636', 182),
	(3637, 'File 3637', 182),
	(3638, 'File 3638', 182),
	(3639, 'File 3639', 182),
	(3640, 'File 3640', 182),
	(3641, 'File 3641', 183),
	(3642, 'File 3642', 183),
	(3643, 'File 3643', 183),
	(3644, 'File 3644', 183),
	(3645, 'File 3645', 183),
	(3646, 'File 3646', 183),
	(3647, 'File 3647', 183),
	(3648, 'File 3648', 183),
	(3649, 'File 3649', 183),
	(3650, 'File 3650', 183),
	(3651, 'File 3651', 183),
	(3652, 'File 3652', 183),
	(3653, 'File 3653', 183),
	(3654, 'File 3654', 183),
	(3655, 'File 3655', 183),
	(3656, 'File 3656', 183),
	(3657, 'File 3657', 183),
	(3658, 'File 3658', 183),
	(3659, 'File 3659', 183),
	(3660, 'File 3660', 183),
	(3661, 'File 3661', 184),
	(3662, 'File 3662', 184),
	(3663, 'File 3663', 184),
	(3664, 'File 3664', 184),
	(3665, 'File 3665', 184),
	(3666, 'File 3666', 184),
	(3667, 'File 3667', 184),
	(3668, 'File 3668', 184),
	(3669, 'File 3669', 184),
	(3670, 'File 3670', 184),
	(3671, 'File 3671', 184),
	(3672, 'File 3672', 184),
	(3673, 'File 3673', 184),
	(3674, 'File 3674', 184),
	(3675, 'File 3675', 184),
	(3676, 'File 3676', 184),
	(3677, 'File 3677', 184),
	(3678, 'File 3678', 184),
	(3679, 'File 3679', 184),
	(3680, 'File 3680', 184),
	(3681, 'File 3681', 185),
	(3682, 'File 3682', 185),
	(3683, 'File 3683', 185),
	(3684, 'File 3684', 185),
	(3685, 'File 3685', 185),
	(3686, 'File 3686', 185),
	(3687, 'File 3687', 185),
	(3688, 'File 3688', 185),
	(3689, 'File 3689', 185),
	(3690, 'File 3690', 185),
	(3691, 'File 3691', 185),
	(3692, 'File 3692', 185),
	(3693, 'File 3693', 185),
	(3694, 'File 3694', 185),
	(3695, 'File 3695', 185),
	(3696, 'File 3696', 185),
	(3697, 'File 3697', 185),
	(3698, 'File 3698', 185),
	(3699, 'File 3699', 185),
	(3700, 'File 3700', 185),
	(3701, 'File 3701', 186),
	(3702, 'File 3702', 186),
	(3703, 'File 3703', 186),
	(3704, 'File 3704', 186),
	(3705, 'File 3705', 186),
	(3706, 'File 3706', 186),
	(3707, 'File 3707', 186),
	(3708, 'File 3708', 186),
	(3709, 'File 3709', 186),
	(3710, 'File 3710', 186),
	(3711, 'File 3711', 186),
	(3712, 'File 3712', 186),
	(3713, 'File 3713', 186),
	(3714, 'File 3714', 186),
	(3715, 'File 3715', 186),
	(3716, 'File 3716', 186),
	(3717, 'File 3717', 186),
	(3718, 'File 3718', 186),
	(3719, 'File 3719', 186),
	(3720, 'File 3720', 186),
	(3721, 'File 3721', 187),
	(3722, 'File 3722', 187),
	(3723, 'File 3723', 187),
	(3724, 'File 3724', 187),
	(3725, 'File 3725', 187),
	(3726, 'File 3726', 187),
	(3727, 'File 3727', 187),
	(3728, 'File 3728', 187),
	(3729, 'File 3729', 187),
	(3730, 'File 3730', 187),
	(3731, 'File 3731', 187),
	(3732, 'File 3732', 187),
	(3733, 'File 3733', 187),
	(3734, 'File 3734', 187),
	(3735, 'File 3735', 187),
	(3736, 'File 3736', 187),
	(3737, 'File 3737', 187),
	(3738, 'File 3738', 187),
	(3739, 'File 3739', 187),
	(3740, 'File 3740', 187),
	(3741, 'File 3741', 188),
	(3742, 'File 3742', 188),
	(3743, 'File 3743', 188),
	(3744, 'File 3744', 188),
	(3745, 'File 3745', 188),
	(3746, 'File 3746', 188),
	(3747, 'File 3747', 188),
	(3748, 'File 3748', 188),
	(3749, 'File 3749', 188),
	(3750, 'File 3750', 188),
	(3751, 'File 3751', 188),
	(3752, 'File 3752', 188),
	(3753, 'File 3753', 188),
	(3754, 'File 3754', 188),
	(3755, 'File 3755', 188),
	(3756, 'File 3756', 188),
	(3757, 'File 3757', 188),
	(3758, 'File 3758', 188),
	(3759, 'File 3759', 188),
	(3760, 'File 3760', 188),
	(3761, 'File 3761', 189),
	(3762, 'File 3762', 189),
	(3763, 'File 3763', 189),
	(3764, 'File 3764', 189),
	(3765, 'File 3765', 189),
	(3766, 'File 3766', 189),
	(3767, 'File 3767', 189),
	(3768, 'File 3768', 189),
	(3769, 'File 3769', 189),
	(3770, 'File 3770', 189),
	(3771, 'File 3771', 189),
	(3772, 'File 3772', 189),
	(3773, 'File 3773', 189),
	(3774, 'File 3774', 189),
	(3775, 'File 3775', 189),
	(3776, 'File 3776', 189),
	(3777, 'File 3777', 189),
	(3778, 'File 3778', 189),
	(3779, 'File 3779', 189),
	(3780, 'File 3780', 189),
	(3781, 'File 3781', 190),
	(3782, 'File 3782', 190),
	(3783, 'File 3783', 190),
	(3784, 'File 3784', 190),
	(3785, 'File 3785', 190),
	(3786, 'File 3786', 190),
	(3787, 'File 3787', 190),
	(3788, 'File 3788', 190),
	(3789, 'File 3789', 190),
	(3790, 'File 3790', 190),
	(3791, 'File 3791', 190),
	(3792, 'File 3792', 190),
	(3793, 'File 3793', 190),
	(3794, 'File 3794', 190),
	(3795, 'File 3795', 190),
	(3796, 'File 3796', 190),
	(3797, 'File 3797', 190),
	(3798, 'File 3798', 190),
	(3799, 'File 3799', 190),
	(3800, 'File 3800', 190),
	(3801, 'File 3801', 191),
	(3802, 'File 3802', 191),
	(3803, 'File 3803', 191),
	(3804, 'File 3804', 191),
	(3805, 'File 3805', 191),
	(3806, 'File 3806', 191),
	(3807, 'File 3807', 191),
	(3808, 'File 3808', 191),
	(3809, 'File 3809', 191),
	(3810, 'File 3810', 191),
	(3811, 'File 3811', 191),
	(3812, 'File 3812', 191),
	(3813, 'File 3813', 191),
	(3814, 'File 3814', 191),
	(3815, 'File 3815', 191),
	(3816, 'File 3816', 191),
	(3817, 'File 3817', 191),
	(3818, 'File 3818', 191),
	(3819, 'File 3819', 191),
	(3820, 'File 3820', 191),
	(3821, 'File 3821', 192),
	(3822, 'File 3822', 192),
	(3823, 'File 3823', 192),
	(3824, 'File 3824', 192),
	(3825, 'File 3825', 192),
	(3826, 'File 3826', 192),
	(3827, 'File 3827', 192),
	(3828, 'File 3828', 192),
	(3829, 'File 3829', 192),
	(3830, 'File 3830', 192),
	(3831, 'File 3831', 192),
	(3832, 'File 3832', 192),
	(3833, 'File 3833', 192),
	(3834, 'File 3834', 192),
	(3835, 'File 3835', 192),
	(3836, 'File 3836', 192),
	(3837, 'File 3837', 192),
	(3838, 'File 3838', 192),
	(3839, 'File 3839', 192),
	(3840, 'File 3840', 192),
	(3841, 'File 3841', 193),
	(3842, 'File 3842', 193),
	(3843, 'File 3843', 193),
	(3844, 'File 3844', 193),
	(3845, 'File 3845', 193),
	(3846, 'File 3846', 193),
	(3847, 'File 3847', 193),
	(3848, 'File 3848', 193),
	(3849, 'File 3849', 193),
	(3850, 'File 3850', 193),
	(3851, 'File 3851', 193),
	(3852, 'File 3852', 193),
	(3853, 'File 3853', 193),
	(3854, 'File 3854', 193),
	(3855, 'File 3855', 193),
	(3856, 'File 3856', 193),
	(3857, 'File 3857', 193),
	(3858, 'File 3858', 193),
	(3859, 'File 3859', 193),
	(3860, 'File 3860', 193),
	(3861, 'File 3861', 194),
	(3862, 'File 3862', 194),
	(3863, 'File 3863', 194),
	(3864, 'File 3864', 194),
	(3865, 'File 3865', 194),
	(3866, 'File 3866', 194),
	(3867, 'File 3867', 194),
	(3868, 'File 3868', 194),
	(3869, 'File 3869', 194),
	(3870, 'File 3870', 194),
	(3871, 'File 3871', 194),
	(3872, 'File 3872', 194),
	(3873, 'File 3873', 194),
	(3874, 'File 3874', 194),
	(3875, 'File 3875', 194),
	(3876, 'File 3876', 194),
	(3877, 'File 3877', 194),
	(3878, 'File 3878', 194),
	(3879, 'File 3879', 194),
	(3880, 'File 3880', 194),
	(3881, 'File 3881', 195),
	(3882, 'File 3882', 195),
	(3883, 'File 3883', 195),
	(3884, 'File 3884', 195),
	(3885, 'File 3885', 195),
	(3886, 'File 3886', 195),
	(3887, 'File 3887', 195),
	(3888, 'File 3888', 195),
	(3889, 'File 3889', 195),
	(3890, 'File 3890', 195),
	(3891, 'File 3891', 195),
	(3892, 'File 3892', 195),
	(3893, 'File 3893', 195),
	(3894, 'File 3894', 195),
	(3895, 'File 3895', 195),
	(3896, 'File 3896', 195),
	(3897, 'File 3897', 195),
	(3898, 'File 3898', 195),
	(3899, 'File 3899', 195),
	(3900, 'File 3900', 195),
	(3901, 'File 3901', 196),
	(3902, 'File 3902', 196),
	(3903, 'File 3903', 196),
	(3904, 'File 3904', 196),
	(3905, 'File 3905', 196),
	(3906, 'File 3906', 196),
	(3907, 'File 3907', 196),
	(3908, 'File 3908', 196),
	(3909, 'File 3909', 196),
	(3910, 'File 3910', 196),
	(3911, 'File 3911', 196),
	(3912, 'File 3912', 196),
	(3913, 'File 3913', 196),
	(3914, 'File 3914', 196),
	(3915, 'File 3915', 196),
	(3916, 'File 3916', 196),
	(3917, 'File 3917', 196),
	(3918, 'File 3918', 196),
	(3919, 'File 3919', 196),
	(3920, 'File 3920', 196),
	(3921, 'File 3921', 197),
	(3922, 'File 3922', 197),
	(3923, 'File 3923', 197),
	(3924, 'File 3924', 197),
	(3925, 'File 3925', 197),
	(3926, 'File 3926', 197),
	(3927, 'File 3927', 197),
	(3928, 'File 3928', 197),
	(3929, 'File 3929', 197),
	(3930, 'File 3930', 197),
	(3931, 'File 3931', 197),
	(3932, 'File 3932', 197),
	(3933, 'File 3933', 197),
	(3934, 'File 3934', 197),
	(3935, 'File 3935', 197),
	(3936, 'File 3936', 197),
	(3937, 'File 3937', 197),
	(3938, 'File 3938', 197),
	(3939, 'File 3939', 197),
	(3940, 'File 3940', 197),
	(3941, 'File 3941', 198),
	(3942, 'File 3942', 198),
	(3943, 'File 3943', 198),
	(3944, 'File 3944', 198),
	(3945, 'File 3945', 198),
	(3946, 'File 3946', 198),
	(3947, 'File 3947', 198),
	(3948, 'File 3948', 198),
	(3949, 'File 3949', 198),
	(3950, 'File 3950', 198),
	(3951, 'File 3951', 198),
	(3952, 'File 3952', 198),
	(3953, 'File 3953', 198),
	(3954, 'File 3954', 198),
	(3955, 'File 3955', 198),
	(3956, 'File 3956', 198),
	(3957, 'File 3957', 198),
	(3958, 'File 3958', 198),
	(3959, 'File 3959', 198),
	(3960, 'File 3960', 198),
	(3961, 'File 3961', 199),
	(3962, 'File 3962', 199),
	(3963, 'File 3963', 199),
	(3964, 'File 3964', 199),
	(3965, 'File 3965', 199),
	(3966, 'File 3966', 199),
	(3967, 'File 3967', 199),
	(3968, 'File 3968', 199),
	(3969, 'File 3969', 199),
	(3970, 'File 3970', 199),
	(3971, 'File 3971', 199),
	(3972, 'File 3972', 199),
	(3973, 'File 3973', 199),
	(3974, 'File 3974', 199),
	(3975, 'File 3975', 199),
	(3976, 'File 3976', 199),
	(3977, 'File 3977', 199),
	(3978, 'File 3978', 199),
	(3979, 'File 3979', 199),
	(3980, 'File 3980', 199),
	(3981, 'File 3981', 200),
	(3982, 'File 3982', 200),
	(3983, 'File 3983', 200),
	(3984, 'File 3984', 200),
	(3985, 'File 3985', 200),
	(3986, 'File 3986', 200),
	(3987, 'File 3987', 200),
	(3988, 'File 3988', 200),
	(3989, 'File 3989', 200),
	(3990, 'File 3990', 200),
	(3991, 'File 3991', 200),
	(3992, 'File 3992', 200),
	(3993, 'File 3993', 200),
	(3994, 'File 3994', 200),
	(3995, 'File 3995', 200),
	(3996, 'File 3996', 200),
	(3997, 'File 3997', 200),
	(3998, 'File 3998', 200),
	(3999, 'File 3999', 200),
	(4000, 'File 4000', 200);
/*!40000 ALTER TABLE "File" ENABLE KEYS */;

-- Dumping structure for table public._prisma_migrations
CREATE TABLE IF NOT EXISTS "_prisma_migrations" (
	"id" VARCHAR(36) NOT NULL,
	"checksum" VARCHAR(64) NOT NULL,
	"finished_at" TIMESTAMPTZ NULL DEFAULT NULL,
	"migration_name" VARCHAR(255) NOT NULL,
	"logs" TEXT NULL DEFAULT NULL,
	"rolled_back_at" TIMESTAMPTZ NULL DEFAULT NULL,
	"started_at" TIMESTAMPTZ NOT NULL DEFAULT now(),
	"applied_steps_count" INTEGER NOT NULL DEFAULT 0,
	PRIMARY KEY ("id")
);

-- Dumping data for table public._prisma_migrations: -1 rows
/*!40000 ALTER TABLE "_prisma_migrations" DISABLE KEYS */;
INSERT INTO "_prisma_migrations" ("id", "checksum", "finished_at", "migration_name", "logs", "rolled_back_at", "started_at", "applied_steps_count") VALUES
	('353bf7ee-046a-4b38-af64-54b5baebd9a5', 'bc5991ae1dc02649da6ecc5694c505f6fcc89f175f2cfad60d8d2d2f088a60e7', '2025-01-05 19:10:44.812215+08', '20250105105816_init', NULL, NULL, '2025-01-05 19:10:44.805173+08', 1),
	('e6f2aac7-21e5-4a80-abb9-01e88dc41093', '4a28b901c5ab113f4eb5b1de07ce423a28e7924ffbf7e79b4f9b00646f46fe44', '2025-01-05 19:10:45.420804+08', '20250105111045_init', NULL, NULL, '2025-01-05 19:10:45.402681+08', 1);
/*!40000 ALTER TABLE "_prisma_migrations" ENABLE KEYS */;

/*!40103 SET TIME_ZONE=IFNULL(@OLD_TIME_ZONE, 'system') */;
/*!40101 SET SQL_MODE=IFNULL(@OLD_SQL_MODE, '') */;
/*!40014 SET FOREIGN_KEY_CHECKS=IFNULL(@OLD_FOREIGN_KEY_CHECKS, 1) */;
/*!40101 SET CHARACTER_SET_CLIENT=@OLD_CHARACTER_SET_CLIENT */;
/*!40111 SET SQL_NOTES=IFNULL(@OLD_SQL_NOTES, 1) */;
